v -0.000860 0.043565 -0.001913
v -0.001740 0.044414 -0.009389
v -0.001526 0.045918 -0.001913
v -0.001740 0.044414 -0.009389
v -0.001297 0.046212 -0.009391
v -0.001526 0.045918 -0.001913
v -0.001297 0.046212 -0.009391
v 0.000156 0.046766 -0.009388
v -0.001526 0.045918 -0.001913
v -0.001526 0.045918 -0.001913
v 0.000156 0.046766 -0.009388
v 0.000861 0.046435 -0.001913
v -0.000156 0.043234 -0.009388
v -0.001740 0.044414 -0.009389
v -0.000860 0.043565 -0.001913
v -0.002086 0.045269 -0.009431
v -0.002153 0.045420 -0.010887
v -0.001465 0.046552 -0.009429
v -0.002153 0.045420 -0.010887
v -0.001070 0.046981 -0.010884
v -0.001465 0.046552 -0.009429
v 0.000722 0.042990 -0.009434
v -0.000723 0.042878 -0.010895
v -0.000698 0.043016 -0.009432
v -0.001465 0.046552 -0.009429
v -0.001070 0.046981 -0.010884
v -0.000011 0.047117 -0.009430
v -0.000698 0.043016 -0.009432
v -0.000723 0.042878 -0.010895
v -0.001819 0.043879 -0.009438
v -0.000723 0.042878 -0.010895
v -0.001967 0.044077 -0.010890
v -0.001819 0.043879 -0.009438
v -0.001819 0.043879 -0.009438
v -0.001967 0.044077 -0.010890
v -0.002086 0.045269 -0.009431
v -0.001967 0.044077 -0.010890
v -0.002153 0.045420 -0.010887
v -0.002086 0.045269 -0.009431
v -0.002887 0.043995 -0.009435
v -0.002975 0.045703 -0.009437
v -0.003009 0.045279 -0.010894
v -0.002887 0.043995 -0.009435
v -0.003009 0.045279 -0.010894
v -0.002455 0.043269 -0.010896
v -0.001792 0.047551 -0.009434
v 0.000360 0.047968 -0.010900
v -0.001871 0.047411 -0.010907
v -0.001792 0.047551 -0.009434
v 0.000521 0.048030 -0.009434
v 0.000360 0.047968 -0.010900
v -0.001785 0.042496 -0.009434
v -0.002887 0.043995 -0.009435
v -0.002455 0.043269 -0.010896
v -0.001785 0.042496 -0.009434
v -0.002455 0.043269 -0.010896
v -0.000970 0.042168 -0.010885
v 0.000015 0.041942 -0.009438
v -0.001785 0.042496 -0.009434
v -0.000970 0.042168 -0.010885
v 0.000015 0.041942 -0.009438
v -0.000970 0.042168 -0.010885
v 0.001026 0.042150 -0.010895
v -0.002975 0.045703 -0.009437
v -0.001792 0.047551 -0.009434
v -0.001871 0.047411 -0.010907
v -0.002975 0.045703 -0.009437
v -0.001871 0.047411 -0.010907
v -0.003009 0.045279 -0.010894
v 0.002263 0.047263 0.000084
v 0.004843 0.053717 0.000017
v 0.002269 0.053746 0.000036
v 0.002263 0.047263 0.000084
v 0.007075 0.052769 0.000019
v 0.004843 0.053717 0.000017
v 0.008675 0.050319 0.000007
v 0.007075 0.052769 0.000019
v 0.002263 0.047263 0.000084
v 0.008757 0.047272 0.000030
v 0.008675 0.050319 0.000007
v 0.002263 0.047263 0.000084
v 0.008763 0.036266 -0.000011
v 0.008759 0.042728 0.000029
v 0.002248 0.042752 0.000076
v 0.008763 0.036266 -0.000011
v 0.002248 0.042752 0.000076
v 0.002270 0.036249 0.000034
v -0.002262 0.047263 0.000084
v -0.002268 0.053746 0.000036
v -0.005692 0.053604 -0.000011
v -0.002262 0.047263 0.000084
v -0.005692 0.053604 -0.000011
v -0.007818 0.051918 0.000040
v -0.002262 0.047263 0.000084
v -0.007818 0.051918 0.000040
v -0.008709 0.049939 0.000010
v -0.002262 0.047263 0.000084
v -0.008709 0.049939 0.000010
v -0.008758 0.047272 0.000029
v -0.002274 0.036250 0.000037
v -0.002244 0.042756 0.000075
v -0.008759 0.042724 0.000030
v -0.002274 0.036250 0.000037
v -0.008759 0.042724 0.000030
v -0.008772 0.036264 -0.000028
v 0.008809 0.045000 -0.001565
v 0.008675 0.050319 0.000007
v 0.008757 0.047272 0.000030
v 0.008809 0.045000 -0.001565
v 0.008786 0.050571 -0.009348
v 0.008675 0.050319 0.000007
v 0.008931 0.036090 -0.009314
v 0.008786 0.050571 -0.009348
v 0.008809 0.045000 -0.001565
v 0.008759 0.042728 0.000029
v 0.008931 0.036090 -0.009314
v 0.008809 0.045000 -0.001565
v 0.008763 0.036266 -0.000011
v 0.008931 0.036090 -0.009314
v 0.008759 0.042728 0.000029
v -0.008804 0.045000 -0.001559
v -0.008758 0.047272 0.000029
v -0.008709 0.049939 0.000010
v -0.008893 0.049900 -0.009342
v -0.008804 0.045000 -0.001559
v -0.008709 0.049939 0.000010
v -0.008931 0.036090 -0.009314
v -0.008759 0.042724 0.000030
v -0.008804 0.045000 -0.001559
v -0.008931 0.036090 -0.009314
v -0.008772 0.036264 -0.000028
v -0.008759 0.042724 0.000030
v -0.008931 0.036090 -0.009314
v -0.008804 0.045000 -0.001559
v -0.008893 0.049900 -0.009342
v 0.002263 0.047263 0.000084
v 0.002269 0.053746 0.000036
v 0.000000 0.053804 -0.001559
v 0.000000 0.045000 -0.001489
v 0.002263 0.047263 0.000084
v 0.000000 0.053804 -0.001559
v 0.000000 0.036196 -0.001561
v 0.002270 0.036249 0.000034
v 0.002248 0.042752 0.000076
v 0.000000 0.036196 -0.001561
v 0.002248 0.042752 0.000076
v 0.000000 0.045000 -0.001489
v -0.002262 0.047263 0.000084
v 0.000000 0.045000 -0.001489
v 0.000000 0.053804 -0.001559
v -0.002262 0.047263 0.000084
v 0.000000 0.053804 -0.001559
v -0.002268 0.053746 0.000036
v 0.000000 0.036196 -0.001561
v 0.000000 0.045000 -0.001489
v -0.002244 0.042756 0.000075
v -0.002274 0.036250 0.000037
v 0.000000 0.036196 -0.001561
v -0.002244 0.042756 0.000075
v -0.008931 0.036090 -0.009314
v -0.002274 0.036250 0.000037
v -0.008772 0.036264 -0.000028
v 0.000000 0.036196 -0.001561
v -0.002274 0.036250 0.000037
v -0.008931 0.036090 -0.009314
v 0.008931 0.036090 -0.009314
v 0.002270 0.036249 0.000034
v 0.000000 0.036196 -0.001561
v 0.008931 0.036090 -0.009314
v 0.008763 0.036266 -0.000011
v 0.002270 0.036249 0.000034
v 0.008931 0.036090 -0.009314
v 0.000000 0.036196 -0.001561
v -0.008931 0.036090 -0.009314
v 0.000000 0.053804 -0.001559
v 0.004730 0.053900 -0.009351
v -0.005340 0.053819 -0.009355
v 0.000000 0.053804 -0.001559
v -0.005340 0.053819 -0.009355
v -0.005692 0.053604 -0.000011
v 0.000000 0.053804 -0.001559
v -0.005692 0.053604 -0.000011
v -0.002268 0.053746 0.000036
v 0.004843 0.053717 0.000017
v 0.000000 0.053804 -0.001559
v 0.002269 0.053746 0.000036
v 0.004843 0.053717 0.000017
v 0.004730 0.053900 -0.009351
v 0.000000 0.053804 -0.001559
v -0.002887 0.043995 -0.009435
v -0.002707 0.041939 -0.009384
v -0.003945 0.044254 -0.009400
v -0.002887 0.043995 -0.009435
v -0.001785 0.042496 -0.009434
v -0.002707 0.041939 -0.009384
v 0.008786 0.050571 -0.009348
v 0.007493 0.044251 -0.009395
v 0.007497 0.045754 -0.009395
v 0.002186 0.048375 -0.009391
v 0.002546 0.046798 -0.009437
v 0.000521 0.048030 -0.009434
v -0.005340 0.053819 -0.009355
v -0.007258 0.050689 -0.009388
v -0.007861 0.052191 -0.009355
v 0.007498 0.037507 -0.009394
v 0.008931 0.036090 -0.009314
v 0.000754 0.037503 -0.009395
v -0.005340 0.053819 -0.009355
v -0.004972 0.052438 -0.009393
v -0.007258 0.050689 -0.009388
v 0.007493 0.044251 -0.009395
v 0.008931 0.036090 -0.009314
v 0.007498 0.037507 -0.009394
v 0.008786 0.050571 -0.009348
v 0.008931 0.036090 -0.009314
v 0.007493 0.044251 -0.009395
v 0.008931 0.036090 -0.009314
v -0.008931 0.036090 -0.009314
v 0.000754 0.037503 -0.009395
v 0.000754 0.037503 -0.009395
v -0.008931 0.036090 -0.009314
v -0.000756 0.037502 -0.009394
v -0.007492 0.037502 -0.009394
v -0.008931 0.036090 -0.009314
v -0.007497 0.044247 -0.009395
v -0.007497 0.044247 -0.009395
v -0.008931 0.036090 -0.009314
v -0.008893 0.049900 -0.009342
v -0.007861 0.052191 -0.009355
v -0.007258 0.050689 -0.009388
v -0.008893 0.049900 -0.009342
v 0.002186 0.048375 -0.009391
v 0.003445 0.047057 -0.009387
v 0.002546 0.046798 -0.009437
v 0.006869 0.053103 -0.009352
v 0.007365 0.050327 -0.009394
v 0.005344 0.052356 -0.009386
v -0.007258 0.050689 -0.009388
v -0.007492 0.045749 -0.009395
v -0.008893 0.049900 -0.009342
v -0.005340 0.053819 -0.009355
v -0.000754 0.052497 -0.009395
v -0.004972 0.052438 -0.009393
v 0.006869 0.053103 -0.009352
v 0.008786 0.050571 -0.009348
v 0.007365 0.050327 -0.009394
v 0.000015 0.041942 -0.009438
v -0.002707 0.041939 -0.009384
v -0.001785 0.042496 -0.009434
v 0.003445 0.047057 -0.009387
v 0.003924 0.045734 -0.009390
v 0.002546 0.046798 -0.009437
v 0.000015 0.041942 -0.009438
v -0.000730 0.041080 -0.009392
v -0.002707 0.041939 -0.009384
v 0.002546 0.046798 -0.009437
v 0.003924 0.045734 -0.009390
v 0.003038 0.044653 -0.009434
v -0.005340 0.053819 -0.009355
v 0.000750 0.052492 -0.009395
v -0.000754 0.052497 -0.009395
v -0.007492 0.045749 -0.009395
v -0.007497 0.044247 -0.009395
v -0.008893 0.049900 -0.009342
v 0.003924 0.045734 -0.009390
v 0.003923 0.044267 -0.009390
v 0.003038 0.044653 -0.009434
v 0.000015 0.041942 -0.009438
v 0.000734 0.041077 -0.009390
v -0.000730 0.041080 -0.009392
v 0.002078 0.042675 -0.009434
v 0.002057 0.041555 -0.009387
v 0.000015 0.041942 -0.009438
v 0.000015 0.041942 -0.009438
v 0.002057 0.041555 -0.009387
v 0.000734 0.041077 -0.009390
v 0.003923 0.044267 -0.009390
v 0.003376 0.042815 -0.009391
v 0.003038 0.044653 -0.009434
v -0.005340 0.053819 -0.009355
v 0.004730 0.053900 -0.009351
v 0.000750 0.052492 -0.009395
v 0.000750 0.052492 -0.009395
v -0.000733 0.048923 -0.009390
v -0.000754 0.052497 -0.009395
v -0.007492 0.045749 -0.009395
v -0.003923 0.045733 -0.009390
v -0.007497 0.044247 -0.009395
v 0.003038 0.044653 -0.009434
v 0.003376 0.042815 -0.009391
v 0.002078 0.042675 -0.009434
v -0.002056 0.048445 -0.009387
v -0.001792 0.047551 -0.009434
v -0.003375 0.047185 -0.009391
v 0.002078 0.042675 -0.009434
v 0.003376 0.042815 -0.009391
v 0.002057 0.041555 -0.009387
v -0.007492 0.037502 -0.009394
v -0.000756 0.037502 -0.009394
v -0.008931 0.036090 -0.009314
v 0.003924 0.045734 -0.009390
v 0.007497 0.045754 -0.009395
v 0.003923 0.044267 -0.009390
v -0.001792 0.047551 -0.009434
v -0.002975 0.045703 -0.009437
v -0.003375 0.047185 -0.009391
v 0.008786 0.050571 -0.009348
v 0.007497 0.045754 -0.009395
v 0.007365 0.050327 -0.009394
v -0.000733 0.048923 -0.009390
v -0.001792 0.047551 -0.009434
v -0.002056 0.048445 -0.009387
v -0.003375 0.047185 -0.009391
v -0.002975 0.045703 -0.009437
v -0.003923 0.045733 -0.009390
v 0.004730 0.053900 -0.009351
v 0.005344 0.052356 -0.009386
v 0.000750 0.052492 -0.009395
v -0.000733 0.048923 -0.009390
v 0.000521 0.048030 -0.009434
v -0.001792 0.047551 -0.009434
v 0.000734 0.041077 -0.009390
v 0.000754 0.037503 -0.009395
v -0.000730 0.041080 -0.009392
v 0.000750 0.052492 -0.009395
v 0.000734 0.048923 -0.009390
v -0.000733 0.048923 -0.009390
v -0.000730 0.041080 -0.009392
v 0.000754 0.037503 -0.009395
v -0.000756 0.037502 -0.009394
v -0.003923 0.045733 -0.009390
v -0.003945 0.044254 -0.009400
v -0.007497 0.044247 -0.009395
v -0.003923 0.045733 -0.009390
v -0.002975 0.045703 -0.009437
v -0.003945 0.044254 -0.009400
v 0.000734 0.048923 -0.009390
v 0.000521 0.048030 -0.009434
v -0.000733 0.048923 -0.009390
v 0.007497 0.045754 -0.009395
v 0.007493 0.044251 -0.009395
v 0.003923 0.044267 -0.009390
v -0.002975 0.045703 -0.009437
v -0.002887 0.043995 -0.009435
v -0.003945 0.044254 -0.009400
v 0.006869 0.053103 -0.009352
v 0.005344 0.052356 -0.009386
v 0.004730 0.053900 -0.009351
v 0.002186 0.048375 -0.009391
v 0.000521 0.048030 -0.009434
v 0.000734 0.048923 -0.009390
v 0.008786 0.050571 -0.009348
v 0.006869 0.053103 -0.009352
v 0.007075 0.052769 0.000019
v 0.008786 0.050571 -0.009348
v 0.007075 0.052769 0.000019
v 0.008675 0.050319 0.000007
v 0.006869 0.053103 -0.009352
v 0.004843 0.053717 0.000017
v 0.007075 0.052769 0.000019
v 0.006869 0.053103 -0.009352
v 0.004730 0.053900 -0.009351
v 0.004843 0.053717 0.000017
v -0.007861 0.052191 -0.009355
v -0.007818 0.051918 0.000040
v -0.005692 0.053604 -0.000011
v -0.005340 0.053819 -0.009355
v -0.007861 0.052191 -0.009355
v -0.005692 0.053604 -0.000011
v -0.008893 0.049900 -0.009342
v -0.008709 0.049939 0.000010
v -0.007818 0.051918 0.000040
v -0.007861 0.052191 -0.009355
v -0.008893 0.049900 -0.009342
v -0.007818 0.051918 0.000040
v 0.007493 0.044251 -0.009395
v 0.007333 0.037673 -0.001442
v 0.007331 0.044080 -0.001442
v 0.007498 0.037507 -0.009394
v 0.007333 0.037673 -0.001442
v 0.007493 0.044251 -0.009395
v 0.003923 0.044267 -0.009390
v 0.007331 0.044080 -0.001442
v 0.004115 0.044041 -0.001434
v 0.007493 0.044251 -0.009395
v 0.007331 0.044080 -0.001442
v 0.003923 0.044267 -0.009390
v 0.000914 0.040925 -0.001440
v 0.000734 0.041077 -0.009390
v 0.002057 0.041555 -0.009387
v 0.002675 0.041713 -0.001428
v 0.000914 0.040925 -0.001440
v 0.002057 0.041555 -0.009387
v 0.002675 0.041713 -0.001428
v 0.002057 0.041555 -0.009387
v 0.003376 0.042815 -0.009391
v 0.004115 0.044041 -0.001434
v 0.002675 0.041713 -0.001428
v 0.003376 0.042815 -0.009391
v 0.004115 0.044041 -0.001434
v 0.003376 0.042815 -0.009391
v 0.003923 0.044267 -0.009390
v 0.000916 0.037673 -0.001442
v 0.000734 0.041077 -0.009390
v 0.000914 0.040925 -0.001440
v 0.000916 0.037673 -0.001442
v 0.000754 0.037503 -0.009395
v 0.000734 0.041077 -0.009390
v 0.007333 0.037673 -0.001442
v 0.007498 0.037507 -0.009394
v 0.000916 0.037673 -0.001442
v 0.000916 0.037673 -0.001442
v 0.007498 0.037507 -0.009394
v 0.000754 0.037503 -0.009395
v 0.002675 0.041713 -0.001428
v 0.000916 0.037673 -0.001442
v 0.000914 0.040925 -0.001440
v 0.007333 0.037673 -0.001442
v 0.000916 0.037673 -0.001442
v 0.002675 0.041713 -0.001428
v 0.007331 0.044080 -0.001442
v 0.002675 0.041713 -0.001428
v 0.004115 0.044041 -0.001434
v 0.007331 0.044080 -0.001442
v 0.007333 0.037673 -0.001442
v 0.002675 0.041713 -0.001428
v -0.007333 0.037672 -0.001443
v -0.000756 0.037502 -0.009394
v -0.007492 0.037502 -0.009394
v -0.000916 0.037673 -0.001442
v -0.000756 0.037502 -0.009394
v -0.007333 0.037672 -0.001443
v -0.000730 0.041080 -0.009392
v -0.000916 0.037673 -0.001442
v -0.000909 0.040927 -0.001442
v -0.000756 0.037502 -0.009394
v -0.000916 0.037673 -0.001442
v -0.000730 0.041080 -0.009392
v -0.003045 0.041957 -0.001420
v -0.003945 0.044254 -0.009400
v -0.002707 0.041939 -0.009384
v -0.003045 0.041957 -0.001420
v -0.004073 0.044090 -0.001442
v -0.003945 0.044254 -0.009400
v -0.000909 0.040927 -0.001442
v -0.002707 0.041939 -0.009384
v -0.000730 0.041080 -0.009392
v -0.000909 0.040927 -0.001442
v -0.003045 0.041957 -0.001420
v -0.002707 0.041939 -0.009384
v -0.003945 0.044254 -0.009400
v -0.007332 0.044080 -0.001443
v -0.007497 0.044247 -0.009395
v -0.003945 0.044254 -0.009400
v -0.004073 0.044090 -0.001442
v -0.007332 0.044080 -0.001443
v -0.007333 0.037672 -0.001443
v -0.007497 0.044247 -0.009395
v -0.007332 0.044080 -0.001443
v -0.007333 0.037672 -0.001443
v -0.007492 0.037502 -0.009394
v -0.007497 0.044247 -0.009395
v -0.003045 0.041957 -0.001420
v -0.000916 0.037673 -0.001442
v -0.007333 0.037672 -0.001443
v -0.003045 0.041957 -0.001420
v -0.007333 0.037672 -0.001443
v -0.007332 0.044080 -0.001443
v -0.000909 0.040927 -0.001442
v -0.000916 0.037673 -0.001442
v -0.003045 0.041957 -0.001420
v -0.004073 0.044090 -0.001442
v -0.003045 0.041957 -0.001420
v -0.007332 0.044080 -0.001443
v -0.007141 0.050442 -0.001431
v -0.007258 0.050689 -0.009388
v -0.005090 0.052228 -0.001432
v -0.007258 0.050689 -0.009388
v -0.004972 0.052438 -0.009393
v -0.005090 0.052228 -0.001432
v -0.007332 0.045920 -0.001444
v -0.007258 0.050689 -0.009388
v -0.007141 0.050442 -0.001431
v -0.007332 0.045920 -0.001444
v -0.007492 0.045749 -0.009395
v -0.007258 0.050689 -0.009388
v -0.007332 0.045920 -0.001444
v -0.003923 0.045733 -0.009390
v -0.007492 0.045749 -0.009395
v -0.004115 0.045959 -0.001433
v -0.003923 0.045733 -0.009390
v -0.007332 0.045920 -0.001444
v -0.000913 0.049075 -0.001440
v -0.000733 0.048923 -0.009390
v -0.002056 0.048445 -0.009387
v -0.002675 0.048287 -0.001427
v -0.000913 0.049075 -0.001440
v -0.002056 0.048445 -0.009387
v -0.002675 0.048287 -0.001427
v -0.002056 0.048445 -0.009387
v -0.003375 0.047185 -0.009391
v -0.004115 0.045959 -0.001433
v -0.002675 0.048287 -0.001427
v -0.003375 0.047185 -0.009391
v -0.004115 0.045959 -0.001433
v -0.003375 0.047185 -0.009391
v -0.003923 0.045733 -0.009390
v -0.000733 0.048923 -0.009390
v -0.000916 0.052328 -0.001443
v -0.000754 0.052497 -0.009395
v -0.000733 0.048923 -0.009390
v -0.000913 0.049075 -0.001440
v -0.000916 0.052328 -0.001443
v -0.004972 0.052438 -0.009393
v -0.000916 0.052328 -0.001443
v -0.005090 0.052228 -0.001432
v -0.000754 0.052497 -0.009395
v -0.000916 0.052328 -0.001443
v -0.004972 0.052438 -0.009393
v -0.004115 0.045959 -0.001433
v -0.007332 0.045920 -0.001444
v -0.007141 0.050442 -0.001431
v -0.002675 0.048287 -0.001427
v -0.004115 0.045959 -0.001433
v -0.007141 0.050442 -0.001431
v -0.005090 0.052228 -0.001432
v -0.002675 0.048287 -0.001427
v -0.007141 0.050442 -0.001431
v -0.005090 0.052228 -0.001432
v -0.000913 0.049075 -0.001440
v -0.002675 0.048287 -0.001427
v -0.000916 0.052328 -0.001443
v -0.000913 0.049075 -0.001440
v -0.005090 0.052228 -0.001432
v 0.006608 0.051169 -0.001413
v 0.007365 0.050327 -0.009394
v 0.007310 0.049581 -0.001436
v 0.004925 0.052263 -0.001437
v 0.005344 0.052356 -0.009386
v 0.006608 0.051169 -0.001413
v 0.005344 0.052356 -0.009386
v 0.007365 0.050327 -0.009394
v 0.006608 0.051169 -0.001413
v 0.005344 0.052356 -0.009386
v 0.000916 0.052327 -0.001444
v 0.000750 0.052492 -0.009395
v 0.005344 0.052356 -0.009386
v 0.004925 0.052263 -0.001437
v 0.000916 0.052327 -0.001444
v 0.000916 0.052327 -0.001444
v 0.000734 0.048923 -0.009390
v 0.000750 0.052492 -0.009395
v 0.000959 0.049115 -0.001433
v 0.000734 0.048923 -0.009390
v 0.000916 0.052327 -0.001444
v 0.004076 0.045913 -0.001440
v 0.003924 0.045734 -0.009390
v 0.003445 0.047057 -0.009387
v 0.003287 0.047676 -0.001427
v 0.004076 0.045913 -0.001440
v 0.003445 0.047057 -0.009387
v 0.003287 0.047676 -0.001427
v 0.003445 0.047057 -0.009387
v 0.002186 0.048375 -0.009391
v 0.000959 0.049115 -0.001433
v 0.003287 0.047676 -0.001427
v 0.002186 0.048375 -0.009391
v 0.000959 0.049115 -0.001433
v 0.002186 0.048375 -0.009391
v 0.000734 0.048923 -0.009390
v 0.007332 0.045920 -0.001443
v 0.003924 0.045734 -0.009390
v 0.004076 0.045913 -0.001440
v 0.007332 0.045920 -0.001443
v 0.007497 0.045754 -0.009395
v 0.003924 0.045734 -0.009390
v 0.007365 0.050327 -0.009394
v 0.007332 0.045920 -0.001443
v 0.007310 0.049581 -0.001436
v 0.007497 0.045754 -0.009395
v 0.007332 0.045920 -0.001443
v 0.007365 0.050327 -0.009394
v 0.004925 0.052263 -0.001437
v 0.003287 0.047676 -0.001427
v 0.000959 0.049115 -0.001433
v 0.004925 0.052263 -0.001437
v 0.000959 0.049115 -0.001433
v 0.000916 0.052327 -0.001444
v 0.007310 0.049581 -0.001436
v 0.004076 0.045913 -0.001440
v 0.003287 0.047676 -0.001427
v 0.007310 0.049581 -0.001436
v 0.007332 0.045920 -0.001443
v 0.004076 0.045913 -0.001440
v 0.006608 0.051169 -0.001413
v 0.007310 0.049581 -0.001436
v 0.003287 0.047676 -0.001427
v 0.006608 0.051169 -0.001413
v 0.003287 0.047676 -0.001427
v 0.004925 0.052263 -0.001437
v -0.000723 0.042878 -0.010895
v -0.002455 0.043269 -0.010896
v -0.001967 0.044077 -0.010890
v -0.001967 0.044077 -0.010890
v -0.002455 0.043269 -0.010896
v -0.003009 0.045279 -0.010894
v -0.000723 0.042878 -0.010895
v -0.000970 0.042168 -0.010885
v -0.002455 0.043269 -0.010896
v -0.002153 0.045420 -0.010887
v -0.001967 0.044077 -0.010890
v -0.003009 0.045279 -0.010894
v -0.000723 0.042878 -0.010895
v 0.001026 0.042150 -0.010895
v -0.000970 0.042168 -0.010885
v 0.000985 0.043066 -0.010888
v 0.001026 0.042150 -0.010895
v -0.000723 0.042878 -0.010895
v -0.002153 0.045420 -0.010887
v -0.003009 0.045279 -0.010894
v -0.001871 0.047411 -0.010907
v 0.002000 0.044086 -0.010897
v 0.001026 0.042150 -0.010895
v 0.000985 0.043066 -0.010888
v 0.002346 0.043179 -0.010887
v 0.001026 0.042150 -0.010895
v 0.002000 0.044086 -0.010897
v -0.001070 0.046981 -0.010884
v -0.002153 0.045420 -0.010887
v -0.001871 0.047411 -0.010907
v 0.002999 0.044645 -0.010897
v 0.002346 0.043179 -0.010887
v 0.002000 0.044086 -0.010897
v 0.000360 0.047968 -0.010900
v 0.000827 0.047019 -0.010891
v -0.001070 0.046981 -0.010884
v 0.000360 0.047968 -0.010900
v -0.001070 0.046981 -0.010884
v -0.001871 0.047411 -0.010907
v 0.002999 0.044645 -0.010897
v 0.002000 0.044086 -0.010897
v 0.002051 0.045824 -0.010870
v 0.002339 0.046955 -0.010885
v 0.002999 0.044645 -0.010897
v 0.002051 0.045824 -0.010870
v 0.000360 0.047968 -0.010900
v 0.002051 0.045824 -0.010870
v 0.000827 0.047019 -0.010891
v 0.002339 0.046955 -0.010885
v 0.002051 0.045824 -0.010870
v 0.000360 0.047968 -0.010900
v 0.002546 0.046798 -0.009437
v 0.003038 0.044653 -0.009434
v 0.002999 0.044645 -0.010897
v 0.002546 0.046798 -0.009437
v 0.002999 0.044645 -0.010897
v 0.002339 0.046955 -0.010885
v 0.002078 0.042675 -0.009434
v 0.000015 0.041942 -0.009438
v 0.001026 0.042150 -0.010895
v 0.000521 0.048030 -0.009434
v 0.002546 0.046798 -0.009437
v 0.002339 0.046955 -0.010885
v 0.002078 0.042675 -0.009434
v 0.001026 0.042150 -0.010895
v 0.002346 0.043179 -0.010887
v 0.000521 0.048030 -0.009434
v 0.002339 0.046955 -0.010885
v 0.000360 0.047968 -0.010900
v 0.002078 0.042675 -0.009434
v 0.002346 0.043179 -0.010887
v 0.002999 0.044645 -0.010897
v 0.003038 0.044653 -0.009434
v 0.002078 0.042675 -0.009434
v 0.002999 0.044645 -0.010897
v 0.002155 0.044564 -0.009418
v 0.002000 0.044086 -0.010897
v 0.000722 0.042990 -0.009434
v -0.001070 0.046981 -0.010884
v 0.000827 0.047019 -0.010891
v -0.000011 0.047117 -0.009430
v 0.002000 0.044086 -0.010897
v 0.000985 0.043066 -0.010888
v 0.000722 0.042990 -0.009434
v -0.000011 0.047117 -0.009430
v 0.000827 0.047019 -0.010891
v 0.001448 0.046568 -0.009429
v 0.000985 0.043066 -0.010888
v -0.000723 0.042878 -0.010895
v 0.000722 0.042990 -0.009434
v 0.000827 0.047019 -0.010891
v 0.002051 0.045824 -0.010870
v 0.001448 0.046568 -0.009429
v 0.001448 0.046568 -0.009429
v 0.002051 0.045824 -0.010870
v 0.002155 0.044564 -0.009418
v 0.002051 0.045824 -0.010870
v 0.002000 0.044086 -0.010897
v 0.002155 0.044564 -0.009418
v 0.000861 0.046435 -0.001913
v 0.001741 0.045586 -0.009389
v 0.001526 0.044082 -0.001912
v 0.001741 0.045586 -0.009389
v 0.001298 0.043788 -0.009391
v 0.001526 0.044082 -0.001912
v 0.001298 0.043788 -0.009391
v -0.000156 0.043234 -0.009388
v 0.001526 0.044082 -0.001912
v 0.001526 0.044082 -0.001912
v -0.000156 0.043234 -0.009388
v -0.000860 0.043565 -0.001913
v 0.000156 0.046766 -0.009388
v 0.001741 0.045586 -0.009389
v 0.000861 0.046435 -0.001913
v -0.001740 0.044414 -0.009389
v -0.001819 0.043879 -0.009438
v -0.002086 0.045269 -0.009431
v 0.001298 0.043788 -0.009391
v 0.002155 0.044564 -0.009418
v 0.000722 0.042990 -0.009434
v -0.000156 0.043234 -0.009388
v 0.000722 0.042990 -0.009434
v -0.000698 0.043016 -0.009432
v -0.000011 0.047117 -0.009430
v -0.001297 0.046212 -0.009391
v -0.001465 0.046552 -0.009429
v 0.001448 0.046568 -0.009429
v 0.001741 0.045586 -0.009389
v 0.000156 0.046766 -0.009388
v -0.001297 0.046212 -0.009391
v -0.001740 0.044414 -0.009389
v -0.001465 0.046552 -0.009429
v -0.001465 0.046552 -0.009429
v -0.001740 0.044414 -0.009389
v -0.002086 0.045269 -0.009431
v -0.000011 0.047117 -0.009430
v 0.000156 0.046766 -0.009388
v -0.001297 0.046212 -0.009391
v -0.001740 0.044414 -0.009389
v -0.000698 0.043016 -0.009432
v -0.001819 0.043879 -0.009438
v -0.001740 0.044414 -0.009389
v -0.000156 0.043234 -0.009388
v -0.000698 0.043016 -0.009432
v 0.001448 0.046568 -0.009429
v 0.002155 0.044564 -0.009418
v 0.001741 0.045586 -0.009389
v -0.000011 0.047117 -0.009430
v 0.001448 0.046568 -0.009429
v 0.000156 0.046766 -0.009388
v 0.001741 0.045586 -0.009389
v 0.002155 0.044564 -0.009418
v 0.001298 0.043788 -0.009391
v 0.001298 0.043788 -0.009391
v 0.000722 0.042990 -0.009434
v -0.000156 0.043234 -0.009388
v 0.000861 0.046435 -0.001913
v 0.001526 0.044082 -0.001912
v -0.000860 0.043565 -0.001913
v 0.000861 0.046435 -0.001913
v -0.000860 0.043565 -0.001913
v -0.001526 0.045918 -0.001913
v -0.002244 0.042756 0.000075
v 0.000000 0.045000 -0.001489
v -0.008804 0.045000 -0.001559
v -0.002244 0.042756 0.000075
v -0.008804 0.045000 -0.001559
v -0.008759 0.042724 0.000030
v -0.002262 0.047263 0.000084
v -0.008758 0.047272 0.000029
v -0.008804 0.045000 -0.001559
v 0.000000 0.045000 -0.001489
v -0.002262 0.047263 0.000084
v -0.008804 0.045000 -0.001559
v 0.008809 0.045000 -0.001565
v 0.008757 0.047272 0.000030
v 0.002263 0.047263 0.000084
v 0.008809 0.045000 -0.001565
v 0.002263 0.047263 0.000084
v 0.000000 0.045000 -0.001489
v 0.008809 0.045000 -0.001565
v 0.000000 0.045000 -0.001489
v 0.002248 0.042752 0.000076
v 0.008759 0.042728 0.000029
v 0.008809 0.045000 -0.001565
v 0.002248 0.042752 0.000076
v 0.002354 0.047536 -0.009420
v -0.000002 0.044994 -0.012805
v 0.003367 0.045796 -0.009420
v 0.001210 0.048205 -0.009422
v -0.000002 0.044994 -0.012805
v 0.002354 0.047536 -0.009420
v 0.001210 0.048205 -0.009422
v -0.000900 0.048367 -0.009423
v -0.000002 0.044994 -0.012805
v -0.000900 0.048367 -0.009423
v -0.002569 0.047296 -0.009414
v -0.000002 0.044994 -0.012805
v -0.003461 0.045455 -0.009426
v -0.000002 0.044994 -0.012805
v -0.002569 0.047296 -0.009414
v -0.010405 0.003964 -0.018387
v 0.010303 0.004000 -0.019675
v -0.010307 0.004000 -0.019704
v -0.010405 0.003964 -0.018387
v 0.010402 0.003998 -0.018212
v 0.010303 0.004000 -0.019675
v -0.010328 0.006312 -0.017411
v 0.010206 0.005110 -0.017442
v -0.010402 0.004770 -0.017414
v -0.010328 0.006312 -0.017411
v 0.010338 0.006348 -0.017411
v 0.010206 0.005110 -0.017442
v -0.010350 0.001800 -0.002563
v -0.010464 0.001741 -0.008072
v -0.010366 0.000133 -0.002524
v -0.010338 0.003838 -0.008029
v -0.010498 0.003808 -0.010668
v -0.010464 0.001741 -0.008072
v -0.010379 0.018852 -0.012792
v -0.010501 0.017714 -0.017036
v -0.010375 0.017773 -0.011577
v -0.010375 0.017773 -0.011577
v -0.010501 0.017714 -0.017036
v -0.010403 0.004799 -0.011445
v -0.010403 0.004799 -0.011445
v -0.010501 0.017714 -0.017036
v -0.010402 0.004770 -0.017414
v -0.010379 0.018852 -0.012792
v -0.010333 0.018827 -0.016215
v -0.010501 0.017714 -0.017036
v -0.010402 0.004770 -0.017414
v -0.010405 0.003964 -0.018387
v -0.010498 0.003808 -0.010668
v -0.010403 0.004799 -0.011445
v -0.010402 0.004770 -0.017414
v -0.010498 0.003808 -0.010668
v -0.010498 0.003808 -0.010668
v -0.010464 0.001741 -0.020754
v -0.010464 0.001741 -0.008072
v -0.010405 0.003964 -0.018387
v -0.010464 0.001741 -0.020754
v -0.010498 0.003808 -0.010668
v -0.010405 0.003964 -0.018387
v -0.010256 0.003920 -0.020798
v -0.010464 0.001741 -0.020754
v -0.010464 0.001741 -0.020754
v -0.010391 0.000164 -0.026304
v -0.010464 0.001741 -0.008072
v -0.010464 0.001741 -0.008072
v -0.010391 0.000164 -0.026304
v -0.010366 0.000133 -0.002524
v -0.010464 0.001741 -0.020754
v -0.010350 0.001800 -0.026263
v -0.010391 0.000164 -0.026304
v 0.010213 0.004018 -0.010281
v 0.006784 0.003922 -0.007870
v 0.010339 0.003838 -0.008029
v 0.010213 0.004018 -0.010281
v -0.010210 0.004015 -0.010258
v 0.006784 0.003922 -0.007870
v 0.006784 0.003922 -0.007870
v -0.010210 0.004015 -0.010258
v -0.006688 0.003913 -0.007826
v -0.010210 0.004015 -0.010258
v -0.010338 0.003838 -0.008029
v -0.006688 0.003913 -0.007826
v -0.005033 0.003875 -0.005965
v -0.004875 0.003875 -0.002588
v 0.004882 0.003998 -0.006314
v 0.004882 0.003998 -0.006314
v -0.004875 0.003875 -0.002588
v 0.004875 0.003825 -0.002538
v 0.006784 0.003922 -0.007870
v -0.006688 0.003913 -0.007826
v 0.004882 0.003998 -0.006314
v -0.006688 0.003913 -0.007826
v -0.005033 0.003875 -0.005965
v 0.004882 0.003998 -0.006314
v 0.010350 0.001800 -0.002563
v 0.004862 0.001761 -0.002482
v 0.010378 0.000153 -0.002535
v 0.004875 0.003825 -0.002538
v -0.004861 0.001761 -0.002482
v 0.004862 0.001761 -0.002482
v -0.004875 0.003875 -0.002588
v -0.004861 0.001761 -0.002482
v 0.004875 0.003825 -0.002538
v -0.010350 0.001800 -0.002563
v -0.010366 0.000133 -0.002524
v -0.004861 0.001761 -0.002482
v -0.010366 0.000133 -0.002524
v 0.010378 0.000153 -0.002535
v 0.004862 0.001761 -0.002482
v -0.010366 0.000133 -0.002524
v 0.004862 0.001761 -0.002482
v -0.004861 0.001761 -0.002482
v 0.010389 0.000133 -0.026280
v 0.004901 0.001761 -0.026345
v 0.010350 0.001800 -0.026263
v 0.004901 0.001761 -0.026345
v -0.004838 0.003838 -0.026298
v 0.004839 0.003885 -0.026252
v -0.004913 0.001779 -0.026315
v -0.004838 0.003838 -0.026298
v 0.004901 0.001761 -0.026345
v -0.010391 0.000164 -0.026304
v -0.010350 0.001800 -0.026263
v -0.004913 0.001779 -0.026315
v 0.010389 0.000133 -0.026280
v -0.010391 0.000164 -0.026304
v 0.004901 0.001761 -0.026345
v 0.004901 0.001761 -0.026345
v -0.010391 0.000164 -0.026304
v -0.004913 0.001779 -0.026315
v -0.004740 0.003992 -0.023087
v 0.004839 0.003885 -0.026252
v -0.004838 0.003838 -0.026298
v -0.004740 0.003992 -0.023087
v 0.004737 0.003990 -0.023113
v 0.004839 0.003885 -0.026252
v -0.010366 0.000133 -0.002524
v 0.010389 0.000133 -0.026280
v 0.010378 0.000153 -0.002535
v -0.010366 0.000133 -0.002524
v -0.010391 0.000164 -0.026304
v 0.010389 0.000133 -0.026280
v 0.010409 0.017719 -0.011617
v -0.010375 0.017773 -0.011577
v 0.010398 0.004752 -0.011407
v -0.010375 0.017773 -0.011577
v -0.010403 0.004799 -0.011445
v 0.010398 0.004752 -0.011407
v -0.010333 0.018827 -0.016215
v -0.010379 0.018852 -0.012792
v 0.010328 0.018873 -0.016056
v 0.010328 0.018873 -0.016056
v -0.010379 0.018852 -0.012792
v 0.010383 0.018800 -0.012612
v 0.010269 0.003932 -0.020763
v 0.010402 0.003998 -0.018212
v 0.010459 0.001745 -0.020803
v 0.010389 0.000133 -0.026280
v 0.010459 0.001745 -0.020803
v 0.010465 0.001741 -0.008072
v 0.010389 0.000133 -0.026280
v 0.010465 0.001741 -0.008072
v 0.010378 0.000153 -0.002535
v 0.010465 0.001741 -0.008072
v 0.010350 0.001800 -0.002563
v 0.010378 0.000153 -0.002535
v 0.010350 0.001800 -0.026263
v 0.010459 0.001745 -0.020803
v 0.010389 0.000133 -0.026280
v 0.010498 0.003799 -0.010654
v 0.010339 0.003838 -0.008029
v 0.010465 0.001741 -0.008072
v 0.010502 0.017714 -0.017036
v 0.010398 0.004752 -0.011407
v 0.010499 0.004730 -0.017232
v 0.010502 0.017714 -0.017036
v 0.010409 0.017719 -0.011617
v 0.010398 0.004752 -0.011407
v 0.010502 0.017714 -0.017036
v 0.010383 0.018800 -0.012612
v 0.010409 0.017719 -0.011617
v 0.010328 0.018873 -0.016056
v 0.010383 0.018800 -0.012612
v 0.010502 0.017714 -0.017036
v 0.010499 0.004730 -0.017232
v 0.010398 0.004752 -0.011407
v 0.010498 0.003799 -0.010654
v 0.010402 0.003998 -0.018212
v 0.010499 0.004730 -0.017232
v 0.010498 0.003799 -0.010654
v 0.010459 0.001745 -0.020803
v 0.010498 0.003799 -0.010654
v 0.010465 0.001741 -0.008072
v 0.010459 0.001745 -0.020803
v 0.010402 0.003998 -0.018212
v 0.010498 0.003799 -0.010654
v 0.010350 0.001800 -0.026263
v 0.007073 0.001900 -0.021006
v 0.010459 0.001745 -0.020803
v 0.005207 0.001900 -0.022541
v 0.007073 0.001900 -0.021006
v 0.010350 0.001800 -0.026263
v 0.004901 0.001761 -0.026345
v 0.005207 0.001900 -0.022541
v 0.010350 0.001800 -0.026263
v 0.005031 0.003701 -0.023349
v 0.005556 0.003700 -0.022134
v 0.005207 0.001900 -0.022541
v 0.005207 0.001900 -0.022541
v 0.006974 0.003699 -0.021021
v 0.007073 0.001900 -0.021006
v 0.005556 0.003700 -0.022134
v 0.006974 0.003699 -0.021021
v 0.005207 0.001900 -0.022541
v 0.004839 0.003885 -0.026252
v 0.005031 0.003701 -0.023349
v 0.004901 0.001761 -0.026345
v 0.004901 0.001761 -0.026345
v 0.005031 0.003701 -0.023349
v 0.005207 0.001900 -0.022541
v 0.006974 0.003699 -0.021021
v 0.010459 0.001745 -0.020803
v 0.007073 0.001900 -0.021006
v 0.006974 0.003699 -0.021021
v 0.010269 0.003932 -0.020763
v 0.010459 0.001745 -0.020803
v 0.005151 0.001900 -0.006139
v 0.004862 0.001761 -0.002482
v 0.010350 0.001800 -0.002563
v 0.006993 0.001900 -0.007813
v 0.010350 0.001800 -0.002563
v 0.010465 0.001741 -0.008072
v 0.006993 0.001900 -0.007813
v 0.005151 0.001900 -0.006139
v 0.010350 0.001800 -0.002563
v 0.006993 0.001900 -0.007813
v 0.006784 0.003922 -0.007870
v 0.005151 0.001900 -0.006139
v 0.006784 0.003922 -0.007870
v 0.005121 0.003694 -0.005962
v 0.005151 0.001900 -0.006139
v 0.010339 0.003838 -0.008029
v 0.006993 0.001900 -0.007813
v 0.010465 0.001741 -0.008072
v 0.010339 0.003838 -0.008029
v 0.006784 0.003922 -0.007870
v 0.006993 0.001900 -0.007813
v 0.005121 0.003694 -0.005962
v 0.004875 0.003825 -0.002538
v 0.005151 0.001900 -0.006139
v 0.005151 0.001900 -0.006139
v 0.004875 0.003825 -0.002538
v 0.004862 0.001761 -0.002482
v -0.010350 0.001800 -0.026263
v -0.010464 0.001741 -0.020754
v -0.007105 0.001900 -0.020991
v -0.010350 0.001800 -0.026263
v -0.005206 0.001900 -0.022541
v -0.004913 0.001779 -0.026315
v -0.010350 0.001800 -0.026263
v -0.007105 0.001900 -0.020991
v -0.005206 0.001900 -0.022541
v -0.007105 0.001900 -0.020991
v -0.006963 0.003689 -0.021030
v -0.005206 0.001900 -0.022541
v -0.006963 0.003689 -0.021030
v -0.005556 0.003700 -0.022134
v -0.005206 0.001900 -0.022541
v -0.005556 0.003700 -0.022134
v -0.005031 0.003703 -0.023340
v -0.005206 0.001900 -0.022541
v -0.010256 0.003920 -0.020798
v -0.006963 0.003689 -0.021030
v -0.007105 0.001900 -0.020991
v -0.010256 0.003920 -0.020798
v -0.007105 0.001900 -0.020991
v -0.010464 0.001741 -0.020754
v -0.005031 0.003703 -0.023340
v -0.004838 0.003838 -0.026298
v -0.004913 0.001779 -0.026315
v -0.005031 0.003703 -0.023340
v -0.004913 0.001779 -0.026315
v -0.005206 0.001900 -0.022541
v -0.010350 0.001800 -0.002563
v -0.004861 0.001761 -0.002482
v -0.005051 0.001900 -0.005645
v -0.007155 0.001900 -0.007844
v -0.005051 0.001900 -0.005645
v -0.005778 0.001900 -0.006963
v -0.007155 0.001900 -0.007844
v -0.010350 0.001800 -0.002563
v -0.005051 0.001900 -0.005645
v -0.010464 0.001741 -0.008072
v -0.010350 0.001800 -0.002563
v -0.007155 0.001900 -0.007844
v -0.005051 0.001900 -0.005645
v -0.005033 0.003875 -0.005965
v -0.005778 0.001900 -0.006963
v -0.005033 0.003875 -0.005965
v -0.006688 0.003913 -0.007826
v -0.005778 0.001900 -0.006963
v -0.005778 0.001900 -0.006963
v -0.006688 0.003913 -0.007826
v -0.007155 0.001900 -0.007844
v -0.004875 0.003875 -0.002588
v -0.005033 0.003875 -0.005965
v -0.005051 0.001900 -0.005645
v -0.004875 0.003875 -0.002588
v -0.005051 0.001900 -0.005645
v -0.004861 0.001761 -0.002482
v -0.007155 0.001900 -0.007844
v -0.010338 0.003838 -0.008029
v -0.010464 0.001741 -0.008072
v -0.006688 0.003913 -0.007826
v -0.010338 0.003838 -0.008029
v -0.007155 0.001900 -0.007844
v 0.010398 0.004752 -0.011407
v -0.010403 0.004799 -0.011445
v 0.010213 0.004018 -0.010281
v -0.010403 0.004799 -0.011445
v -0.010210 0.004015 -0.010258
v 0.010213 0.004018 -0.010281
v -0.010405 0.003964 -0.018387
v -0.010402 0.004770 -0.017414
v 0.010402 0.003998 -0.018212
v 0.010402 0.003998 -0.018212
v -0.010402 0.004770 -0.017414
v 0.010206 0.005110 -0.017442
v 0.010198 0.017770 -0.017334
v -0.010194 0.017681 -0.017350
v -0.010333 0.018827 -0.016215
v 0.010328 0.018873 -0.016056
v 0.010198 0.017770 -0.017334
v -0.010333 0.018827 -0.016215
v 0.010383 0.018800 -0.012612
v -0.010379 0.018852 -0.012792
v -0.010375 0.017773 -0.011577
v 0.010409 0.017719 -0.011617
v 0.010383 0.018800 -0.012612
v -0.010375 0.017773 -0.011577
v -0.006963 0.003689 -0.021030
v -0.010256 0.003920 -0.020798
v -0.006566 0.003997 -0.020819
v -0.006963 0.003689 -0.021030
v -0.006566 0.003997 -0.020819
v -0.005556 0.003700 -0.022134
v -0.006566 0.003997 -0.020819
v -0.004740 0.003992 -0.023087
v -0.005556 0.003700 -0.022134
v -0.005556 0.003700 -0.022134
v -0.004740 0.003992 -0.023087
v -0.005031 0.003703 -0.023340
v -0.004838 0.003838 -0.026298
v -0.005031 0.003703 -0.023340
v -0.004740 0.003992 -0.023087
v -0.010307 0.004000 -0.019704
v -0.010256 0.003920 -0.020798
v -0.010405 0.003964 -0.018387
v -0.010194 0.017681 -0.017350
v -0.010328 0.006312 -0.017411
v -0.010501 0.017714 -0.017036
v -0.010328 0.006312 -0.017411
v -0.010402 0.004770 -0.017414
v -0.010501 0.017714 -0.017036
v -0.010333 0.018827 -0.016215
v -0.010194 0.017681 -0.017350
v -0.010501 0.017714 -0.017036
v 0.004839 0.003885 -0.026252
v 0.004737 0.003990 -0.023113
v 0.005031 0.003701 -0.023349
v 0.005031 0.003701 -0.023349
v 0.004737 0.003990 -0.023113
v 0.005556 0.003700 -0.022134
v 0.004737 0.003990 -0.023113
v 0.006603 0.003997 -0.020795
v 0.005556 0.003700 -0.022134
v 0.005556 0.003700 -0.022134
v 0.006603 0.003997 -0.020795
v 0.006974 0.003699 -0.021021
v 0.006603 0.003997 -0.020795
v 0.010269 0.003932 -0.020763
v 0.006974 0.003699 -0.021021
v -0.010403 0.004799 -0.011445
v -0.010498 0.003808 -0.010668
v -0.010210 0.004015 -0.010258
v 0.010402 0.003998 -0.018212
v 0.010269 0.003932 -0.020763
v 0.010303 0.004000 -0.019675
v -0.010338 0.003838 -0.008029
v -0.010210 0.004015 -0.010258
v -0.010498 0.003808 -0.010668
v 0.010206 0.005110 -0.017442
v 0.010499 0.004730 -0.017232
v 0.010402 0.003998 -0.018212
v 0.010338 0.006348 -0.017411
v 0.010499 0.004730 -0.017232
v 0.010206 0.005110 -0.017442
v 0.010502 0.017714 -0.017036
v 0.010338 0.006348 -0.017411
v 0.010198 0.017770 -0.017334
v 0.010502 0.017714 -0.017036
v 0.010499 0.004730 -0.017232
v 0.010338 0.006348 -0.017411
v 0.010198 0.017770 -0.017334
v 0.010328 0.018873 -0.016056
v 0.010502 0.017714 -0.017036
v 0.010213 0.004018 -0.010281
v 0.010498 0.003799 -0.010654
v 0.010398 0.004752 -0.011407
v 0.010339 0.003838 -0.008029
v 0.010498 0.003799 -0.010654
v 0.010213 0.004018 -0.010281
v 0.004882 0.003998 -0.006314
v 0.004875 0.003825 -0.002538
v 0.005121 0.003694 -0.005962
v 0.006784 0.003922 -0.007870
v 0.004882 0.003998 -0.006314
v 0.005121 0.003694 -0.005962
v -0.006566 0.003997 -0.020819
v -0.010293 0.004009 -0.023166
v -0.004740 0.003992 -0.023087
v -0.006566 0.003997 -0.020819
v -0.010256 0.003920 -0.020798
v -0.010293 0.004009 -0.023166
v -0.008802 0.035926 -0.015652
v 0.008804 0.035909 -0.015668
v -0.010389 0.019188 -0.025220
v 0.008804 0.035909 -0.015668
v 0.010400 0.019037 -0.025253
v -0.010389 0.019188 -0.025220
v -0.008802 0.035926 -0.015652
v 0.008747 0.036004 -0.014412
v 0.008804 0.035909 -0.015668
v -0.008749 0.036005 -0.014412
v 0.008747 0.036004 -0.014412
v -0.008802 0.035926 -0.015652
v -0.005330 0.053810 -0.014302
v -0.008657 0.049832 -0.014413
v -0.007802 0.052291 -0.014238
v 0.004800 0.053832 -0.014331
v -0.008657 0.049832 -0.014413
v -0.005330 0.053810 -0.014302
v 0.008538 0.050534 -0.014414
v -0.008657 0.049832 -0.014413
v 0.004800 0.053832 -0.014331
v 0.008747 0.036004 -0.014412
v -0.008749 0.036005 -0.014412
v 0.008538 0.050534 -0.014414
v 0.008538 0.050534 -0.014414
v -0.008749 0.036005 -0.014412
v -0.008657 0.049832 -0.014413
v 0.008538 0.050534 -0.014414
v 0.004800 0.053832 -0.014331
v 0.006547 0.053246 -0.014291
v -0.005330 0.053810 -0.014302
v 0.005532 0.053858 -0.009717
v 0.004800 0.053832 -0.014331
v -0.005468 0.053747 -0.009491
v 0.005532 0.053858 -0.009717
v -0.005330 0.053810 -0.014302
v -0.008779 0.050118 -0.009461
v -0.002569 0.047296 -0.009414
v -0.007084 0.052821 -0.009504
v -0.007084 0.052821 -0.009504
v -0.002569 0.047296 -0.009414
v -0.005468 0.053747 -0.009491
v -0.002569 0.047296 -0.009414
v -0.000900 0.048367 -0.009423
v -0.005468 0.053747 -0.009491
v -0.008779 0.050118 -0.009461
v -0.003461 0.045455 -0.009426
v -0.002569 0.047296 -0.009414
v -0.005468 0.053747 -0.009491
v -0.000900 0.048367 -0.009423
v 0.005491 0.053558 -0.009412
v -0.008779 0.050118 -0.009461
v -0.008745 0.036004 -0.009414
v -0.003461 0.045455 -0.009426
v -0.008745 0.036004 -0.009414
v -0.003062 0.043491 -0.009426
v -0.003461 0.045455 -0.009426
v -0.000900 0.048367 -0.009423
v 0.001210 0.048205 -0.009422
v 0.005491 0.053558 -0.009412
v 0.001210 0.048205 -0.009422
v 0.002354 0.047536 -0.009420
v 0.005491 0.053558 -0.009412
v -0.008745 0.036004 -0.009414
v -0.001954 0.042156 -0.009418
v -0.003062 0.043491 -0.009426
v 0.005491 0.053558 -0.009412
v 0.002354 0.047536 -0.009420
v 0.007738 0.052245 -0.009533
v 0.002354 0.047536 -0.009420
v 0.008802 0.050203 -0.009508
v 0.007738 0.052245 -0.009533
v -0.008745 0.036004 -0.009414
v 0.000144 0.041511 -0.009433
v -0.001954 0.042156 -0.009418
v 0.003367 0.045796 -0.009420
v 0.008802 0.050203 -0.009508
v 0.002354 0.047536 -0.009420
v 0.003168 0.043772 -0.009425
v 0.008749 0.036005 -0.009414
v 0.003367 0.045796 -0.009420
v 0.001943 0.042194 -0.009422
v 0.008749 0.036005 -0.009414
v 0.003168 0.043772 -0.009425
v 0.003367 0.045796 -0.009420
v 0.008749 0.036005 -0.009414
v 0.008802 0.050203 -0.009508
v 0.000144 0.041511 -0.009433
v 0.008749 0.036005 -0.009414
v 0.001943 0.042194 -0.009422
v -0.008745 0.036004 -0.009414
v 0.008749 0.036005 -0.009414
v 0.000144 0.041511 -0.009433
v -0.008745 0.036004 -0.009414
v 0.009010 0.035845 -0.008125
v 0.008749 0.036005 -0.009414
v -0.009015 0.035742 -0.008044
v 0.009010 0.035845 -0.008125
v -0.008745 0.036004 -0.009414
v -0.010193 0.019251 -0.017399
v 0.008962 0.035579 -0.008021
v -0.009015 0.035742 -0.008044
v 0.010188 0.019253 -0.017393
v 0.008962 0.035579 -0.008021
v -0.010193 0.019251 -0.017399
v -0.010194 0.017681 -0.017350
v 0.010198 0.017770 -0.017334
v -0.010193 0.019251 -0.017399
v 0.010198 0.017770 -0.017334
v 0.010188 0.019253 -0.017393
v -0.010193 0.019251 -0.017399
v 0.010338 0.006348 -0.017411
v 0.010188 0.019253 -0.017393
v 0.010198 0.017770 -0.017334
v -0.010193 0.019251 -0.017399
v -0.010328 0.006312 -0.017411
v -0.010194 0.017681 -0.017350
v -0.010389 0.019188 -0.025220
v 0.010400 0.019037 -0.025253
v -0.010362 0.006144 -0.025305
v 0.010400 0.019037 -0.025253
v 0.010382 0.006119 -0.025262
v -0.010362 0.006144 -0.025305
v 0.010269 0.003932 -0.020763
v 0.006603 0.003997 -0.020795
v 0.010294 0.004009 -0.023166
v 0.010294 0.004009 -0.023166
v 0.006603 0.003997 -0.020795
v 0.004737 0.003990 -0.023113
v 0.010338 0.006348 -0.017411
v 0.010382 0.006119 -0.025262
v 0.010400 0.019037 -0.025253
v 0.010338 0.006348 -0.017411
v 0.010400 0.019037 -0.025253
v 0.010480 0.019324 -0.017678
v 0.010303 0.004000 -0.019675
v 0.010294 0.004009 -0.023166
v 0.010382 0.006119 -0.025262
v 0.010303 0.004000 -0.019675
v 0.010382 0.006119 -0.025262
v 0.010338 0.006348 -0.017411
v -0.010362 0.006144 -0.025305
v -0.010328 0.006312 -0.017411
v -0.010389 0.019188 -0.025220
v -0.010389 0.019188 -0.025220
v -0.010328 0.006312 -0.017411
v -0.010479 0.019324 -0.017678
v -0.010293 0.004009 -0.023166
v -0.010307 0.004000 -0.019704
v -0.010362 0.006144 -0.025305
v -0.010362 0.006144 -0.025305
v -0.010307 0.004000 -0.019704
v -0.010328 0.006312 -0.017411
v -0.010479 0.019324 -0.017678
v -0.009055 0.035708 -0.015468
v -0.010389 0.019188 -0.025220
v -0.010479 0.019324 -0.017678
v -0.009015 0.035742 -0.008044
v -0.009055 0.035708 -0.015468
v -0.009055 0.035728 -0.014105
v -0.009015 0.035742 -0.008044
v -0.009049 0.035735 -0.009712
v -0.009055 0.035728 -0.014105
v -0.009055 0.035708 -0.015468
v -0.009015 0.035742 -0.008044
v -0.009049 0.035735 -0.009712
v -0.008779 0.050118 -0.009461
v -0.008945 0.049960 -0.014110
v -0.009049 0.035735 -0.009712
v -0.008945 0.049960 -0.014110
v -0.009055 0.035728 -0.014105
v 0.008973 0.049681 -0.014113
v 0.009050 0.035736 -0.009716
v 0.009056 0.035727 -0.014109
v 0.008802 0.050203 -0.009508
v 0.009050 0.035736 -0.009716
v 0.008973 0.049681 -0.014113
v 0.008962 0.035579 -0.008021
v 0.009050 0.035736 -0.009716
v 0.009010 0.035845 -0.008125
v 0.009056 0.035708 -0.015468
v 0.009056 0.035727 -0.014109
v 0.008962 0.035579 -0.008021
v 0.008962 0.035579 -0.008021
v 0.009056 0.035727 -0.014109
v 0.009050 0.035736 -0.009716
v 0.009056 0.035708 -0.015468
v 0.010480 0.019324 -0.017678
v 0.010400 0.019037 -0.025253
v 0.008962 0.035579 -0.008021
v 0.010480 0.019324 -0.017678
v 0.009056 0.035708 -0.015468
v 0.010303 0.004000 -0.019675
v -0.010328 0.006312 -0.017411
v -0.010307 0.004000 -0.019704
v 0.010338 0.006348 -0.017411
v -0.010328 0.006312 -0.017411
v 0.010303 0.004000 -0.019675
v 0.010294 0.004009 -0.023166
v 0.004737 0.003990 -0.023113
v 0.010382 0.006119 -0.025262
v -0.004740 0.003992 -0.023087
v -0.010362 0.006144 -0.025305
v 0.004737 0.003990 -0.023113
v 0.004737 0.003990 -0.023113
v -0.010362 0.006144 -0.025305
v 0.010382 0.006119 -0.025262
v -0.004740 0.003992 -0.023087
v -0.010293 0.004009 -0.023166
v -0.010362 0.006144 -0.025305
v -0.005468 0.053747 -0.009491
v -0.005330 0.053810 -0.014302
v -0.007802 0.052291 -0.014238
v -0.007084 0.052821 -0.009504
v -0.005468 0.053747 -0.009491
v -0.007802 0.052291 -0.014238
v -0.008395 0.051461 -0.009713
v -0.007084 0.052821 -0.009504
v -0.007802 0.052291 -0.014238
v -0.008395 0.051461 -0.009713
v -0.007802 0.052291 -0.014238
v -0.008945 0.049960 -0.014110
v -0.008779 0.050118 -0.009461
v -0.008395 0.051461 -0.009713
v -0.008945 0.049960 -0.014110
v 0.008802 0.050203 -0.009508
v 0.008973 0.049681 -0.014113
v 0.008197 0.051853 -0.014115
v 0.007738 0.052245 -0.009533
v 0.008802 0.050203 -0.009508
v 0.008197 0.051853 -0.014115
v 0.007738 0.052245 -0.009533
v 0.008197 0.051853 -0.014115
v 0.006547 0.053246 -0.014291
v 0.005532 0.053858 -0.009717
v 0.007738 0.052245 -0.009533
v 0.006547 0.053246 -0.014291
v 0.005532 0.053858 -0.009717
v 0.006547 0.053246 -0.014291
v 0.004800 0.053832 -0.014331
v 0.008749 0.036005 -0.009414
v 0.009010 0.035845 -0.008125
v 0.009050 0.035736 -0.009716
v 0.008962 0.035579 -0.008021
v 0.010188 0.019253 -0.017393
v 0.010480 0.019324 -0.017678
v 0.008802 0.050203 -0.009508
v 0.008749 0.036005 -0.009414
v 0.009050 0.035736 -0.009716
v 0.007738 0.052245 -0.009533
v 0.005532 0.053858 -0.009717
v 0.005491 0.053558 -0.009412
v 0.005532 0.053858 -0.009717
v -0.005468 0.053747 -0.009491
v 0.005491 0.053558 -0.009412
v -0.008395 0.051461 -0.009713
v -0.008779 0.050118 -0.009461
v -0.007084 0.052821 -0.009504
v 0.010188 0.019253 -0.017393
v 0.010338 0.006348 -0.017411
v 0.010480 0.019324 -0.017678
v -0.008745 0.036004 -0.009414
v -0.008779 0.050118 -0.009461
v -0.009049 0.035735 -0.009712
v 0.010303 0.004000 -0.019675
v 0.010269 0.003932 -0.020763
v 0.010294 0.004009 -0.023166
v -0.009015 0.035742 -0.008044
v -0.008745 0.036004 -0.009414
v -0.009049 0.035735 -0.009712
v -0.010193 0.019251 -0.017399
v -0.009015 0.035742 -0.008044
v -0.010479 0.019324 -0.017678
v 0.010400 0.019037 -0.025253
v 0.008804 0.035909 -0.015668
v 0.009056 0.035708 -0.015468
v -0.010479 0.019324 -0.017678
v -0.010328 0.006312 -0.017411
v -0.010193 0.019251 -0.017399
v 0.009056 0.035708 -0.015468
v 0.008747 0.036004 -0.014412
v 0.009056 0.035727 -0.014109
v 0.008804 0.035909 -0.015668
v 0.008747 0.036004 -0.014412
v 0.009056 0.035708 -0.015468
v -0.010307 0.004000 -0.019704
v -0.010293 0.004009 -0.023166
v -0.010256 0.003920 -0.020798
v 0.008747 0.036004 -0.014412
v 0.008538 0.050534 -0.014414
v 0.008973 0.049681 -0.014113
v 0.008747 0.036004 -0.014412
v 0.008973 0.049681 -0.014113
v 0.009056 0.035727 -0.014109
v 0.008197 0.051853 -0.014115
v 0.008973 0.049681 -0.014113
v 0.008538 0.050534 -0.014414
v 0.008197 0.051853 -0.014115
v 0.008538 0.050534 -0.014414
v 0.006547 0.053246 -0.014291
v -0.008945 0.049960 -0.014110
v -0.007802 0.052291 -0.014238
v -0.008657 0.049832 -0.014413
v -0.008657 0.049832 -0.014413
v -0.008749 0.036005 -0.014412
v -0.009055 0.035728 -0.014105
v -0.008657 0.049832 -0.014413
v -0.009055 0.035728 -0.014105
v -0.008945 0.049960 -0.014110
v -0.008802 0.035926 -0.015652
v -0.010389 0.019188 -0.025220
v -0.009055 0.035708 -0.015468
v -0.008749 0.036005 -0.014412
v -0.009055 0.035708 -0.015468
v -0.009055 0.035728 -0.014105
v -0.008749 0.036005 -0.014412
v -0.008802 0.035926 -0.015652
v -0.009055 0.035708 -0.015468
v 0.003367 0.045796 -0.009420
v -0.000002 0.044994 -0.012805
v 0.003168 0.043772 -0.009425
v 0.001943 0.042194 -0.009422
v 0.003168 0.043772 -0.009425
v -0.000002 0.044994 -0.012805
v -0.003062 0.043491 -0.009426
v -0.000002 0.044994 -0.012805
v -0.003461 0.045455 -0.009426
v -0.003062 0.043491 -0.009426
v -0.001954 0.042156 -0.009418
v -0.000002 0.044994 -0.012805
v -0.001954 0.042156 -0.009418
v 0.000144 0.041511 -0.009433
v -0.000002 0.044994 -0.012805
v 0.000144 0.041511 -0.009433
v 0.001943 0.042194 -0.009422
v -0.000002 0.044994 -0.012805
v 0.009010 0.035845 -0.008125
v -0.009015 0.035742 -0.008044
v 0.008962 0.035579 -0.008021
v -0.009823 0.011108 -0.017502
v -0.008970 0.009498 -0.017535
v -0.009829 0.011614 -0.020413
v -0.009829 0.011614 -0.020413
v -0.008970 0.009498 -0.017535
v -0.008382 0.008978 -0.020413
v -0.005245 0.015716 -0.020413
v -0.005419 0.015752 -0.017719
v -0.006987 0.015642 -0.020413
v -0.005419 0.015752 -0.017719
v -0.007581 0.015459 -0.017713
v -0.006987 0.015642 -0.020413
v -0.008970 0.009498 -0.017535
v -0.007903 0.008742 -0.017713
v -0.008382 0.008978 -0.020413
v -0.006987 0.015642 -0.020413
v -0.007581 0.015459 -0.017713
v -0.008937 0.014486 -0.020413
v -0.008382 0.008978 -0.020413
v -0.006166 0.008207 -0.017719
v -0.006000 0.008208 -0.020413
v -0.007903 0.008742 -0.017713
v -0.006166 0.008207 -0.017719
v -0.008382 0.008978 -0.020413
v -0.007581 0.015459 -0.017713
v -0.009010 0.014274 -0.017713
v -0.008937 0.014486 -0.020413
v -0.009010 0.014274 -0.017713
v -0.009712 0.012743 -0.017718
v -0.008937 0.014486 -0.020413
v -0.008937 0.014486 -0.020413
v -0.009712 0.012743 -0.017718
v -0.009829 0.011614 -0.020413
v -0.009712 0.012743 -0.017718
v -0.009823 0.011108 -0.017502
v -0.009829 0.011614 -0.020413
v -0.007581 0.015459 -0.017713
v -0.008164 0.015489 -0.017414
v -0.009010 0.014274 -0.017713
v -0.008164 0.015489 -0.017414
v -0.009805 0.013576 -0.017414
v -0.009010 0.014274 -0.017713
v -0.002160 0.011790 -0.017714
v -0.001917 0.012880 -0.017415
v -0.002761 0.013936 -0.017713
v -0.009010 0.014274 -0.017713
v -0.009805 0.013576 -0.017414
v -0.009712 0.012743 -0.017718
v -0.002761 0.013936 -0.017713
v -0.003453 0.015198 -0.017413
v -0.003756 0.015033 -0.017713
v -0.001917 0.012880 -0.017415
v -0.003453 0.015198 -0.017413
v -0.002761 0.013936 -0.017713
v -0.009805 0.013576 -0.017414
v -0.009823 0.011108 -0.017502
v -0.009712 0.012743 -0.017718
v -0.003756 0.015033 -0.017713
v -0.003453 0.015198 -0.017413
v -0.005419 0.015752 -0.017719
v -0.003453 0.015198 -0.017413
v -0.005659 0.016112 -0.017414
v -0.005419 0.015752 -0.017719
v -0.005419 0.015752 -0.017719
v -0.005659 0.016112 -0.017414
v -0.007581 0.015459 -0.017713
v -0.005659 0.016112 -0.017414
v -0.008164 0.015489 -0.017414
v -0.007581 0.015459 -0.017713
v -0.007442 0.008156 -0.017414
v -0.003453 0.015198 -0.017413
v -0.004800 0.008044 -0.017414
v -0.004800 0.008044 -0.017414
v -0.003453 0.015198 -0.017413
v -0.002534 0.009761 -0.017414
v -0.005659 0.016112 -0.017414
v -0.003453 0.015198 -0.017413
v -0.007442 0.008156 -0.017414
v -0.002534 0.009761 -0.017414
v -0.003453 0.015198 -0.017413
v -0.001917 0.012880 -0.017415
v -0.009805 0.013576 -0.017414
v -0.008164 0.015489 -0.017414
v -0.009823 0.011108 -0.017502
v -0.008164 0.015489 -0.017414
v -0.005659 0.016112 -0.017414
v -0.009823 0.011108 -0.017502
v -0.009823 0.011108 -0.017502
v -0.005659 0.016112 -0.017414
v -0.008970 0.009498 -0.017535
v -0.008970 0.009498 -0.017535
v -0.005659 0.016112 -0.017414
v -0.007442 0.008156 -0.017414
v -0.004241 0.008647 -0.017708
v -0.002534 0.009761 -0.017414
v -0.002989 0.009726 -0.017713
v -0.004800 0.008044 -0.017414
v -0.002534 0.009761 -0.017414
v -0.004241 0.008647 -0.017708
v -0.002989 0.009726 -0.017713
v -0.002534 0.009761 -0.017414
v -0.002160 0.011790 -0.017714
v -0.002534 0.009761 -0.017414
v -0.001917 0.012880 -0.017415
v -0.002160 0.011790 -0.017714
v -0.008970 0.009498 -0.017535
v -0.007442 0.008156 -0.017414
v -0.007903 0.008742 -0.017713
v -0.007903 0.008742 -0.017713
v -0.007442 0.008156 -0.017414
v -0.006166 0.008207 -0.017719
v -0.007442 0.008156 -0.017414
v -0.004800 0.008044 -0.017414
v -0.006166 0.008207 -0.017719
v -0.006166 0.008207 -0.017719
v -0.004800 0.008044 -0.017414
v -0.004241 0.008647 -0.017708
v -0.002160 0.011790 -0.017714
v -0.002761 0.013936 -0.017713
v -0.003062 0.014486 -0.020413
v -0.002761 0.013936 -0.017713
v -0.003756 0.015033 -0.017713
v -0.003062 0.014486 -0.020413
v -0.006000 0.008208 -0.020413
v -0.004241 0.008647 -0.017708
v -0.003617 0.008978 -0.020413
v -0.006166 0.008207 -0.017719
v -0.004241 0.008647 -0.017708
v -0.006000 0.008208 -0.020413
v -0.003062 0.014486 -0.020413
v -0.003756 0.015033 -0.017713
v -0.005245 0.015716 -0.020413
v -0.003756 0.015033 -0.017713
v -0.005419 0.015752 -0.017719
v -0.005245 0.015716 -0.020413
v -0.004241 0.008647 -0.017708
v -0.002989 0.009726 -0.017713
v -0.003617 0.008978 -0.020413
v -0.003617 0.008978 -0.020413
v -0.002989 0.009726 -0.017713
v -0.002171 0.011614 -0.020413
v -0.002989 0.009726 -0.017713
v -0.002160 0.011790 -0.017714
v -0.002171 0.011614 -0.020413
v -0.002171 0.011614 -0.020413
v -0.002160 0.011790 -0.017714
v -0.003062 0.014486 -0.020413
v -0.003062 0.014486 -0.020413
v -0.005245 0.015716 -0.020413
v -0.006987 0.015642 -0.020413
v -0.003062 0.014486 -0.020413
v -0.006987 0.015642 -0.020413
v -0.008937 0.014486 -0.020413
v -0.003062 0.014486 -0.020413
v -0.008937 0.014486 -0.020413
v -0.009829 0.011614 -0.020413
v -0.003617 0.008978 -0.020413
v -0.003062 0.014486 -0.020413
v -0.009829 0.011614 -0.020413
v -0.003617 0.008978 -0.020413
v -0.009829 0.011614 -0.020413
v -0.008382 0.008978 -0.020413
v -0.003617 0.008978 -0.020413
v -0.002171 0.011614 -0.020413
v -0.003062 0.014486 -0.020413
v -0.003617 0.008978 -0.020413
v -0.008382 0.008978 -0.020413
v -0.006000 0.008208 -0.020413
v 0.002171 0.011614 -0.020413
v 0.002472 0.010274 -0.017538
v 0.003618 0.008978 -0.020413
v 0.006755 0.015716 -0.020413
v 0.006581 0.015752 -0.017719
v 0.005013 0.015642 -0.020413
v 0.006581 0.015752 -0.017719
v 0.004419 0.015459 -0.017713
v 0.005013 0.015642 -0.020413
v 0.002472 0.010274 -0.017538
v 0.004097 0.008742 -0.017713
v 0.003618 0.008978 -0.020413
v 0.005013 0.015642 -0.020413
v 0.004419 0.015459 -0.017713
v 0.003063 0.014486 -0.020413
v 0.003618 0.008978 -0.020413
v 0.005834 0.008207 -0.017719
v 0.006000 0.008208 -0.020413
v 0.004097 0.008742 -0.017713
v 0.005834 0.008207 -0.017719
v 0.003618 0.008978 -0.020413
v 0.004419 0.015459 -0.017713
v 0.002990 0.014274 -0.017713
v 0.003063 0.014486 -0.020413
v 0.002990 0.014274 -0.017713
v 0.002158 0.012482 -0.017603
v 0.003063 0.014486 -0.020413
v 0.003063 0.014486 -0.020413
v 0.002158 0.012482 -0.017603
v 0.002171 0.011614 -0.020413
v 0.002158 0.012482 -0.017603
v 0.002472 0.010274 -0.017538
v 0.002171 0.011614 -0.020413
v 0.004419 0.015459 -0.017713
v 0.002779 0.014644 -0.017415
v 0.002990 0.014274 -0.017713
v 0.009967 0.010864 -0.017414
v 0.009844 0.013442 -0.017414
v 0.009840 0.011790 -0.017714
v 0.009840 0.011790 -0.017714
v 0.009844 0.013442 -0.017414
v 0.009239 0.013936 -0.017713
v 0.002990 0.014274 -0.017713
v 0.002779 0.014644 -0.017415
v 0.002158 0.012482 -0.017603
v 0.009844 0.013442 -0.017414
v 0.008363 0.015050 -0.017594
v 0.009239 0.013936 -0.017713
v 0.008363 0.015050 -0.017594
v 0.005934 0.016176 -0.017415
v 0.006581 0.015752 -0.017719
v 0.006581 0.015752 -0.017719
v 0.005934 0.016176 -0.017415
v 0.004419 0.015459 -0.017713
v 0.005934 0.016176 -0.017415
v 0.002779 0.014644 -0.017415
v 0.004419 0.015459 -0.017713
v 0.008496 0.008740 -0.017414
v 0.009844 0.013442 -0.017414
v 0.009967 0.010864 -0.017414
v 0.005934 0.016176 -0.017415
v 0.009844 0.013442 -0.017414
v 0.008496 0.008740 -0.017414
v 0.005934 0.016176 -0.017415
v 0.008363 0.015050 -0.017594
v 0.009844 0.013442 -0.017414
v 0.002472 0.010274 -0.017538
v 0.002779 0.014644 -0.017415
v 0.004167 0.008277 -0.017415
v 0.004167 0.008277 -0.017415
v 0.002779 0.014644 -0.017415
v 0.006599 0.007966 -0.017413
v 0.006599 0.007966 -0.017413
v 0.005934 0.016176 -0.017415
v 0.008496 0.008740 -0.017414
v 0.002779 0.014644 -0.017415
v 0.005934 0.016176 -0.017415
v 0.006599 0.007966 -0.017413
v 0.002158 0.012482 -0.017603
v 0.002779 0.014644 -0.017415
v 0.002472 0.010274 -0.017538
v 0.006599 0.007966 -0.017413
v 0.008496 0.008740 -0.017414
v 0.007759 0.008647 -0.017708
v 0.007759 0.008647 -0.017708
v 0.008496 0.008740 -0.017414
v 0.009011 0.009726 -0.017713
v 0.008496 0.008740 -0.017414
v 0.009967 0.010864 -0.017414
v 0.009011 0.009726 -0.017713
v 0.009011 0.009726 -0.017713
v 0.009967 0.010864 -0.017414
v 0.009840 0.011790 -0.017714
v 0.002472 0.010274 -0.017538
v 0.004167 0.008277 -0.017415
v 0.004097 0.008742 -0.017713
v 0.004097 0.008742 -0.017713
v 0.004167 0.008277 -0.017415
v 0.005834 0.008207 -0.017719
v 0.004167 0.008277 -0.017415
v 0.006599 0.007966 -0.017413
v 0.005834 0.008207 -0.017719
v 0.005834 0.008207 -0.017719
v 0.006599 0.007966 -0.017413
v 0.007759 0.008647 -0.017708
v 0.009840 0.011790 -0.017714
v 0.009239 0.013936 -0.017713
v 0.008938 0.014486 -0.020413
v 0.009239 0.013936 -0.017713
v 0.008363 0.015050 -0.017594
v 0.008938 0.014486 -0.020413
v 0.006000 0.008208 -0.020413
v 0.007759 0.008647 -0.017708
v 0.008383 0.008978 -0.020413
v 0.005834 0.008207 -0.017719
v 0.007759 0.008647 -0.017708
v 0.006000 0.008208 -0.020413
v 0.008938 0.014486 -0.020413
v 0.008363 0.015050 -0.017594
v 0.006755 0.015716 -0.020413
v 0.008363 0.015050 -0.017594
v 0.006581 0.015752 -0.017719
v 0.006755 0.015716 -0.020413
v 0.007759 0.008647 -0.017708
v 0.009011 0.009726 -0.017713
v 0.008383 0.008978 -0.020413
v 0.008383 0.008978 -0.020413
v 0.009011 0.009726 -0.017713
v 0.009829 0.011614 -0.020413
v 0.009011 0.009726 -0.017713
v 0.009840 0.011790 -0.017714
v 0.009829 0.011614 -0.020413
v 0.009829 0.011614 -0.020413
v 0.009840 0.011790 -0.017714
v 0.008938 0.014486 -0.020413
v 0.003618 0.008978 -0.020413
v 0.003063 0.014486 -0.020413
v 0.002171 0.011614 -0.020413
v 0.008383 0.008978 -0.020413
v 0.006755 0.015716 -0.020413
v 0.005013 0.015642 -0.020413
v 0.008383 0.008978 -0.020413
v 0.008938 0.014486 -0.020413
v 0.006755 0.015716 -0.020413
v 0.008383 0.008978 -0.020413
v 0.009829 0.011614 -0.020413
v 0.008938 0.014486 -0.020413
v 0.008383 0.008978 -0.020413
v 0.005013 0.015642 -0.020413
v 0.006000 0.008208 -0.020413
v 0.006000 0.008208 -0.020413
v 0.005013 0.015642 -0.020413
v 0.003063 0.014486 -0.020413
v 0.006000 0.008208 -0.020413
v 0.003063 0.014486 -0.020413
v 0.003618 0.008978 -0.020413
vn 0.95903 0.27115 -0.08210
vn 0.95903 0.27115 -0.08210
vn 0.95903 0.27115 -0.08210
vn 0.97072 -0.23936 0.02026
vn 0.97072 -0.23936 0.02026
vn 0.97072 -0.23936 0.02026
vn 0.35623 -0.93404 -0.02584
vn 0.35623 -0.93404 -0.02584
vn 0.35623 -0.93404 -0.02584
vn 0.21145 -0.97535 -0.06311
vn 0.21145 -0.97535 -0.06311
vn 0.21145 -0.97535 -0.06311
vn 0.59697 0.80199 0.02078
vn 0.59697 0.80199 0.02078
vn 0.59697 0.80199 0.02078
vn 0.89661 -0.43433 -0.08635
vn 0.89661 -0.43433 -0.08635
vn 0.89661 -0.43433 -0.08635
vn 0.82027 -0.56937 0.05453
vn 0.82027 -0.56937 0.05453
vn 0.82027 -0.56937 0.05453
vn 0.01863 0.99532 -0.09480
vn 0.01863 0.99532 -0.09480
vn 0.01863 0.99532 -0.09480
vn 0.35689 -0.91779 -0.17406
vn 0.35689 -0.91779 -0.17406
vn 0.35689 -0.91779 -0.17406
vn 0.60768 0.78955 -0.08565
vn 0.60768 0.78955 -0.08565
vn 0.60768 0.78955 -0.08565
vn 0.69395 0.71950 0.02738
vn 0.69395 0.71950 0.02738
vn 0.69395 0.71950 0.02738
vn 0.97926 0.18860 -0.07402
vn 0.97926 0.18860 -0.07402
vn 0.97926 0.18860 -0.07402
vn 0.99007 0.13712 -0.03108
vn 0.99007 0.13712 -0.03108
vn 0.99007 0.13712 -0.03108
vn -0.99792 -0.05174 0.03845
vn -0.99792 -0.05174 0.03845
vn -0.99792 -0.05174 0.03845
vn -0.95304 -0.26257 -0.15088
vn -0.95304 -0.26257 -0.15088
vn -0.95304 -0.26257 -0.15088
vn -0.24130 0.96724 -0.07887
vn -0.24130 0.96724 -0.07887
vn -0.24130 0.96724 -0.07887
vn -0.20287 0.97902 -0.01913
vn -0.20287 0.97902 -0.01913
vn -0.20287 0.97902 -0.01913
vn -0.80431 -0.59151 0.05653
vn -0.80431 -0.59151 0.05653
vn -0.80431 -0.59151 0.05653
vn -0.58805 -0.79479 -0.15000
vn -0.58805 -0.79479 -0.15000
vn -0.58805 -0.79479 -0.15000
vn -0.29376 -0.95449 0.05142
vn -0.29376 -0.95449 0.05142
vn -0.29376 -0.95449 0.05142
vn -0.00949 -0.98903 -0.14743
vn -0.00949 -0.98903 -0.14743
vn -0.00949 -0.98903 -0.14743
vn -0.84210 0.53929 -0.00593
vn -0.84210 0.53929 -0.00593
vn -0.84210 0.53929 -0.00593
vn -0.87654 0.46726 -0.11551
vn -0.87654 0.46726 -0.11551
vn -0.87654 0.46726 -0.11551
vn 0.00762 0.00729 0.99994
vn 0.00762 0.00729 0.99994
vn 0.00762 0.00729 0.99994
vn 0.00305 0.00911 0.99995
vn 0.00305 0.00911 0.99995
vn 0.00305 0.00911 0.99995
vn 0.01089 0.00226 0.99994
vn 0.01089 0.00226 0.99994
vn 0.01089 0.00226 0.99994
vn 0.00830 0.00770 0.99994
vn 0.00830 0.00770 0.99994
vn 0.00830 0.00770 0.99994
vn 0.00730 -0.00612 0.99995
vn 0.00730 -0.00612 0.99995
vn 0.00730 -0.00612 0.99995
vn 0.00698 -0.00644 0.99995
vn 0.00698 -0.00644 0.99995
vn 0.00698 -0.00644 0.99995
vn -0.01418 0.00728 0.99987
vn -0.01418 0.00728 0.99987
vn -0.01418 0.00728 0.99987
vn 0.00841 0.01949 0.99977
vn 0.00841 0.01949 0.99977
vn 0.00841 0.01949 0.99977
vn -0.01480 -0.00820 0.99986
vn -0.01480 -0.00820 0.99986
vn -0.01480 -0.00820 0.99986
vn -0.00842 0.00715 0.99994
vn -0.00842 0.00715 0.99994
vn -0.00842 0.00715 0.99994
vn -0.00676 -0.00579 0.99996
vn -0.00676 -0.00579 0.99996
vn -0.00676 -0.00579 0.99996
vn -0.00993 -0.00896 0.99991
vn -0.00993 -0.00896 0.99991
vn -0.00993 -0.00896 0.99991
vn 0.99962 0.02689 -0.00550
vn 0.99962 0.02689 -0.00550
vn 0.99962 0.02689 -0.00550
vn 0.99969 0.02159 0.01245
vn 0.99969 0.02159 0.01245
vn 0.99969 0.02159 0.01245
vn 0.99994 0.01005 0.00419
vn 0.99994 0.01005 0.00419
vn 0.99994 0.01005 0.00419
vn 0.99972 -0.00617 0.02284
vn 0.99972 -0.00617 0.02284
vn 0.99972 -0.00617 0.02284
vn 0.99984 0.00046 0.01813
vn 0.99984 0.00046 0.01813
vn 0.99984 0.00046 0.01813
vn -0.99983 0.01814 0.00321
vn -0.99983 0.01814 0.00321
vn -0.99983 0.01814 0.00321
vn -0.99972 0.01294 0.01958
vn -0.99972 0.01294 0.01958
vn -0.99972 0.01294 0.01958
vn -0.99975 -0.00470 0.02173
vn -0.99975 -0.00470 0.02173
vn -0.99975 -0.00470 0.02173
vn -0.99985 0.00189 0.01705
vn -0.99985 0.00189 0.01705
vn -0.99985 0.00189 0.01705
vn -0.99991 0.00275 0.01317
vn -0.99991 0.00275 0.01317
vn -0.99991 0.00275 0.01317
vn -0.57512 0.00649 0.81805
vn -0.57512 0.00649 0.81805
vn -0.57512 0.00649 0.81805
vn -0.57504 0.00653 0.81810
vn -0.57504 0.00653 0.81810
vn -0.57504 0.00653 0.81810
vn -0.57494 -0.00723 0.81816
vn -0.57494 -0.00723 0.81816
vn -0.57494 -0.00723 0.81816
vn -0.57590 -0.00674 0.81749
vn -0.57590 -0.00674 0.81749
vn -0.57590 -0.00674 0.81749
vn 0.57505 0.00653 0.81809
vn 0.57505 0.00653 0.81809
vn 0.57505 0.00653 0.81809
vn 0.57511 0.00650 0.81805
vn 0.57511 0.00650 0.81805
vn 0.57511 0.00650 0.81805
vn 0.57608 -0.00673 0.81737
vn 0.57608 -0.00673 0.81737
vn 0.57608 -0.00673 0.81737
vn 0.57481 -0.00739 0.81825
vn 0.57481 -0.00739 0.81825
vn 0.57481 -0.00739 0.81825
vn -0.00247 -0.99982 0.01878
vn -0.00247 -0.99982 0.01878
vn -0.00247 -0.99982 0.01878
vn -0.00761 -0.99972 0.02243
vn -0.00761 -0.99972 0.02243
vn -0.00761 -0.99972 0.02243
vn 0.00744 -0.99972 0.02224
vn 0.00744 -0.99972 0.02224
vn 0.00744 -0.99972 0.02224
vn 0.00276 -0.99982 0.01891
vn 0.00276 -0.99982 0.01891
vn 0.00276 -0.99982 0.01891
vn -0.00000 -0.99991 0.01368
vn -0.00000 -0.99991 0.01368
vn -0.00000 -0.99991 0.01368
vn -0.00799 0.99994 0.00745
vn -0.00799 0.99994 0.00745
vn -0.00799 0.99994 0.00745
vn -0.02916 0.99933 0.02195
vn -0.02916 0.99933 0.02195
vn -0.02916 0.99933 0.02195
vn -0.04118 0.99890 -0.02233
vn -0.04118 0.99890 -0.02233
vn -0.04118 0.99890 -0.02233
vn 0.01140 0.99973 0.02005
vn 0.01140 0.99973 0.02005
vn 0.01140 0.99973 0.02005
vn 0.01163 0.99975 0.01936
vn 0.01163 0.99975 0.01936
vn 0.01163 0.99975 0.01936
vn -0.03978 -0.02849 -0.99880
vn -0.03978 -0.02849 -0.99880
vn -0.03978 -0.02849 -0.99880
vn -0.03750 -0.02830 -0.99890
vn -0.03750 -0.02830 -0.99890
vn -0.03750 -0.02830 -0.99890
vn 0.03618 0.00000 -0.99935
vn 0.03618 0.00000 -0.99935
vn 0.03618 0.00000 -0.99935
vn 0.01916 0.03339 -0.99926
vn 0.01916 0.03339 -0.99926
vn 0.01916 0.03339 -0.99926
vn -0.01105 0.01719 -0.99979
vn -0.01105 0.01719 -0.99979
vn -0.01105 0.01719 -0.99979
vn 0.00021 -0.05633 -0.99841
vn 0.00021 -0.05633 -0.99841
vn 0.00021 -0.05633 -0.99841
vn -0.01906 0.02210 -0.99957
vn -0.01906 0.02210 -0.99957
vn -0.01906 0.02210 -0.99957
vn 0.05578 -0.00012 -0.99844
vn 0.05578 -0.00012 -0.99844
vn 0.05578 -0.00012 -0.99844
vn 0.04559 -0.00192 -0.99896
vn 0.04559 -0.00192 -0.99896
vn 0.04559 -0.00192 -0.99896
vn 0.00004 -0.05731 -0.99836
vn 0.00004 -0.05731 -0.99836
vn 0.00004 -0.05731 -0.99836
vn -0.00040 -0.05429 -0.99853
vn -0.00040 -0.05429 -0.99853
vn -0.00040 -0.05429 -0.99853
vn -0.05499 -0.00017 -0.99849
vn -0.05499 -0.00017 -0.99849
vn -0.05499 -0.00017 -0.99849
vn -0.04533 -0.00188 -0.99897
vn -0.04533 -0.00188 -0.99897
vn -0.04533 -0.00188 -0.99897
vn -0.03216 0.00872 -0.99944
vn -0.03216 0.00872 -0.99944
vn -0.03216 0.00872 -0.99944
vn 0.04417 0.03908 -0.99826
vn 0.04417 0.03908 -0.99826
vn 0.04417 0.03908 -0.99826
vn 0.01357 0.01739 -0.99976
vn 0.01357 0.01739 -0.99976
vn 0.01357 0.01739 -0.99976
vn -0.02931 0.00281 -0.99957
vn -0.02931 0.00281 -0.99957
vn -0.02931 0.00281 -0.99957
vn -0.00085 0.02695 -0.99964
vn -0.00085 0.02695 -0.99964
vn -0.00085 0.02695 -0.99964
vn 0.02858 0.02007 -0.99939
vn 0.02858 0.02007 -0.99939
vn 0.02858 0.02007 -0.99939
vn -0.01975 -0.05760 -0.99814
vn -0.01975 -0.05760 -0.99814
vn -0.01975 -0.05760 -0.99814
vn 0.04957 0.02034 -0.99856
vn 0.04957 0.02034 -0.99856
vn 0.04957 0.02034 -0.99856
vn -0.01980 -0.03600 -0.99916
vn -0.01980 -0.03600 -0.99916
vn -0.01980 -0.03600 -0.99916
vn 0.03985 0.00775 -0.99918
vn 0.03985 0.00775 -0.99918
vn 0.03985 0.00775 -0.99918
vn -0.00014 0.02938 -0.99957
vn -0.00014 0.02938 -0.99957
vn -0.00014 0.02938 -0.99957
vn -0.03727 0.00012 -0.99931
vn -0.03727 0.00012 -0.99931
vn -0.03727 0.00012 -0.99931
vn 0.04896 0.00028 -0.99880
vn 0.04896 0.00028 -0.99880
vn 0.04896 0.00028 -0.99880
vn 0.00122 -0.05413 -0.99853
vn 0.00122 -0.05413 -0.99853
vn 0.00122 -0.05413 -0.99853
vn 0.01684 -0.04277 -0.99894
vn 0.01684 -0.04277 -0.99894
vn 0.01684 -0.04277 -0.99894
vn 0.01720 -0.04087 -0.99902
vn 0.01720 -0.04087 -0.99902
vn 0.01720 -0.04087 -0.99902
vn 0.04207 -0.01554 -0.99899
vn 0.04207 -0.01554 -0.99899
vn 0.04207 -0.01554 -0.99899
vn 0.00013 0.03065 -0.99953
vn 0.00013 0.03065 -0.99953
vn 0.00013 0.03065 -0.99953
vn -0.00024 -0.00122 -1.00000
vn -0.00024 -0.00122 -1.00000
vn -0.00024 -0.00122 -1.00000
vn 0.00125 -0.00000 -1.00000
vn 0.00125 -0.00000 -1.00000
vn 0.00125 -0.00000 -1.00000
vn 0.03530 -0.01679 -0.99924
vn 0.03530 -0.01679 -0.99924
vn 0.03530 -0.01679 -0.99924
vn -0.03650 0.04146 -0.99847
vn -0.03650 0.04146 -0.99847
vn -0.03650 0.04146 -0.99847
vn 0.03809 -0.04313 -0.99834
vn 0.03809 -0.04313 -0.99834
vn 0.03809 -0.04313 -0.99834
vn -0.00008 -0.05612 -0.99842
vn -0.00008 -0.05612 -0.99842
vn -0.00008 -0.05612 -0.99842
vn -0.00137 0.00029 -1.00000
vn -0.00137 0.00029 -1.00000
vn -0.00137 0.00029 -1.00000
vn -0.03210 0.02233 -0.99924
vn -0.03210 0.02233 -0.99924
vn -0.03210 0.02233 -0.99924
vn 0.03184 0.00117 -0.99949
vn 0.03184 0.00117 -0.99949
vn 0.03184 0.00117 -0.99949
vn -0.01954 0.04650 -0.99873
vn -0.01954 0.04650 -0.99873
vn -0.01954 0.04650 -0.99873
vn -0.04837 0.01792 -0.99867
vn -0.04837 0.01792 -0.99867
vn -0.04837 0.01792 -0.99867
vn 0.00271 0.02338 -0.99972
vn 0.00271 0.02338 -0.99972
vn 0.00271 0.02338 -0.99972
vn -0.00815 0.03772 -0.99925
vn -0.00815 0.03772 -0.99925
vn -0.00815 0.03772 -0.99925
vn 0.00135 0.00144 -1.00000
vn 0.00135 0.00144 -1.00000
vn 0.00135 0.00144 -1.00000
vn 0.00029 -0.00144 -1.00000
vn 0.00029 -0.00144 -1.00000
vn 0.00029 -0.00144 -1.00000
vn -0.00043 0.00070 -1.00000
vn -0.00043 0.00070 -1.00000
vn -0.00043 0.00070 -1.00000
vn -0.00159 0.00683 -0.99998
vn -0.00159 0.00683 -0.99998
vn -0.00159 0.00683 -0.99998
vn -0.04871 0.00752 -0.99878
vn -0.04871 0.00752 -0.99878
vn -0.04871 0.00752 -0.99878
vn 0.00028 0.04954 -0.99877
vn 0.00028 0.04954 -0.99877
vn 0.00028 0.04954 -0.99877
vn -0.00130 0.00012 -1.00000
vn -0.00130 0.00012 -1.00000
vn -0.00130 0.00012 -1.00000
vn -0.03348 -0.00268 -0.99944
vn -0.03348 -0.00268 -0.99944
vn -0.03348 -0.00268 -0.99944
vn 0.00933 0.02602 -0.99962
vn 0.00933 0.02602 -0.99962
vn 0.00933 0.02602 -0.99962
vn 0.01661 0.04565 -0.99882
vn 0.01661 0.04565 -0.99882
vn 0.01661 0.04565 -0.99882
vn 0.79718 0.60373 0.00393
vn 0.79718 0.60373 0.00393
vn 0.79718 0.60373 0.00393
vn 0.83717 0.54639 0.02469
vn 0.83717 0.54639 0.02469
vn 0.83717 0.54639 0.02469
vn 0.39079 0.92016 0.02415
vn 0.39079 0.92016 0.02415
vn 0.39079 0.92016 0.02415
vn 0.34919 0.93695 0.01406
vn 0.34919 0.93695 0.01406
vn 0.34919 0.93695 0.01406
vn -0.62078 0.78357 0.02564
vn -0.62078 0.78357 0.02564
vn -0.62078 0.78357 0.02564
vn -0.54250 0.84005 -0.00107
vn -0.54250 0.84005 -0.00107
vn -0.54250 0.84005 -0.00107
vn -0.91173 0.41048 0.01616
vn -0.91173 0.41048 0.01616
vn -0.91173 0.41048 0.01616
vn -0.91162 0.41071 0.01610
vn -0.91162 0.41071 0.01610
vn -0.91162 0.41071 0.01610
vn -0.99979 -0.00033 -0.02033
vn -0.99979 -0.00033 -0.02033
vn -0.99979 -0.00033 -0.02033
vn -0.99978 -0.00084 -0.02075
vn -0.99978 -0.00084 -0.02075
vn -0.99978 -0.00084 -0.02075
vn 0.01214 -0.99952 -0.02863
vn 0.01214 -0.99952 -0.02863
vn 0.01214 -0.99952 -0.02863
vn -0.00450 -0.99976 -0.02150
vn -0.00450 -0.99976 -0.02150
vn -0.00450 -0.99976 -0.02150
vn 0.33986 -0.94013 -0.02567
vn 0.33986 -0.94013 -0.02567
vn 0.33986 -0.94013 -0.02567
vn 0.40870 -0.91257 -0.01358
vn 0.40870 -0.91257 -0.01358
vn 0.40870 -0.91257 -0.01358
vn 0.69018 -0.72257 -0.03923
vn 0.69018 -0.72257 -0.03923
vn 0.69018 -0.72257 -0.03923
vn 0.85040 -0.52614 0.00202
vn 0.85040 -0.52614 0.00202
vn 0.85040 -0.52614 0.00202
vn 0.93515 -0.35276 -0.03258
vn 0.93515 -0.35276 -0.03258
vn 0.93515 -0.35276 -0.03258
vn 0.99974 0.00087 -0.02257
vn 0.99974 0.00087 -0.02257
vn 0.99974 0.00087 -0.02257
vn 0.99977 0.00566 -0.02052
vn 0.99977 0.00566 -0.02052
vn 0.99977 0.00566 -0.02052
vn -0.00003 0.99978 -0.02086
vn -0.00003 0.99978 -0.02086
vn -0.00003 0.99978 -0.02086
vn -0.00063 0.99977 -0.02136
vn -0.00063 0.99977 -0.02136
vn -0.00063 0.99977 -0.02136
vn 0.00686 0.00063 -0.99998
vn 0.00686 0.00063 -0.99998
vn 0.00686 0.00063 -0.99998
vn 0.00005 0.00359 -0.99999
vn 0.00005 0.00359 -0.99999
vn 0.00005 0.00359 -0.99999
vn -0.00249 -0.00092 -1.00000
vn -0.00249 -0.00092 -1.00000
vn -0.00249 -0.00092 -1.00000
vn -0.00300 0.00008 -1.00000
vn -0.00300 0.00008 -1.00000
vn -0.00300 0.00008 -1.00000
vn 0.00002 0.99977 -0.02139
vn 0.00002 0.99977 -0.02139
vn 0.00002 0.99977 -0.02139
vn -0.00014 0.99977 -0.02152
vn -0.00014 0.99977 -0.02152
vn -0.00014 0.99977 -0.02152
vn -0.99975 0.00203 -0.02247
vn -0.99975 0.00203 -0.02247
vn -0.99975 0.00203 -0.02247
vn -0.99977 0.00708 -0.02031
vn -0.99977 0.00708 -0.02031
vn -0.99977 0.00708 -0.02031
vn -0.88120 -0.47135 -0.03637
vn -0.88120 -0.47135 -0.03637
vn -0.88120 -0.47135 -0.03637
vn -0.90052 -0.43419 -0.02350
vn -0.90052 -0.43419 -0.02350
vn -0.90052 -0.43419 -0.02350
vn -0.39848 -0.91679 -0.02667
vn -0.39848 -0.91679 -0.02667
vn -0.39848 -0.91679 -0.02667
vn -0.43443 -0.90056 -0.01646
vn -0.43443 -0.90056 -0.01646
vn -0.43443 -0.90056 -0.01646
vn 0.00191 -0.99978 -0.02104
vn 0.00191 -0.99978 -0.02104
vn 0.00191 -0.99978 -0.02104
vn 0.00309 -0.99978 -0.02054
vn 0.00309 -0.99978 -0.02054
vn 0.00309 -0.99978 -0.02054
vn 0.99979 -0.00014 -0.02069
vn 0.99979 -0.00014 -0.02069
vn 0.99979 -0.00014 -0.02069
vn 0.99980 0.00060 -0.02008
vn 0.99980 0.00060 -0.02008
vn 0.99980 0.00060 -0.02008
vn 0.00014 0.00531 -0.99999
vn 0.00014 0.00531 -0.99999
vn 0.00014 0.00531 -0.99999
vn 0.00539 0.00006 -0.99999
vn 0.00539 0.00006 -0.99999
vn 0.00539 0.00006 -0.99999
vn -0.01044 0.00006 -0.99995
vn -0.01044 0.00006 -0.99995
vn -0.01044 0.00006 -0.99995
vn 0.00021 -0.01040 -0.99995
vn 0.00021 -0.01040 -0.99995
vn 0.00021 -0.01040 -0.99995
vn 0.65654 -0.75357 -0.03312
vn 0.65654 -0.75357 -0.03312
vn 0.65654 -0.75357 -0.03312
vn 0.60747 -0.79425 -0.01187
vn 0.60747 -0.79425 -0.01187
vn 0.60747 -0.79425 -0.01187
vn 0.99897 -0.04230 -0.01612
vn 0.99897 -0.04230 -0.01612
vn 0.99897 -0.04230 -0.01612
vn 0.99871 -0.04715 -0.01904
vn 0.99871 -0.04715 -0.01904
vn 0.99871 -0.04715 -0.01904
vn 0.00450 0.99976 -0.02152
vn 0.00450 0.99976 -0.02152
vn 0.00450 0.99976 -0.02152
vn -0.01209 0.99952 -0.02864
vn -0.01209 0.99952 -0.02864
vn -0.01209 0.99952 -0.02864
vn -0.33974 0.94017 -0.02573
vn -0.33974 0.94017 -0.02573
vn -0.33974 0.94017 -0.02573
vn -0.40851 0.91265 -0.01365
vn -0.40851 0.91265 -0.01365
vn -0.40851 0.91265 -0.01365
vn -0.69017 0.72257 -0.03932
vn -0.69017 0.72257 -0.03932
vn -0.69017 0.72257 -0.03932
vn -0.85052 0.52594 0.00196
vn -0.85052 0.52594 0.00196
vn -0.85052 0.52594 0.00196
vn -0.93513 0.35279 -0.03259
vn -0.93513 0.35279 -0.03259
vn -0.93513 0.35279 -0.03259
vn -0.99977 -0.00576 -0.02059
vn -0.99977 -0.00576 -0.02059
vn -0.99977 -0.00576 -0.02059
vn -0.99974 -0.00102 -0.02262
vn -0.99974 -0.00102 -0.02262
vn -0.99974 -0.00102 -0.02262
vn 0.02382 -0.99938 -0.02594
vn 0.02382 -0.99938 -0.02594
vn 0.02382 -0.99938 -0.02594
vn 0.01406 -0.99968 -0.02096
vn 0.01406 -0.99968 -0.02096
vn 0.01406 -0.99968 -0.02096
vn 0.00310 0.00260 -0.99999
vn 0.00310 0.00260 -0.99999
vn 0.00310 0.00260 -0.99999
vn 0.00191 0.00179 -1.00000
vn 0.00191 0.00179 -1.00000
vn 0.00191 0.00179 -1.00000
vn 0.00047 -0.00118 -1.00000
vn 0.00047 -0.00118 -1.00000
vn 0.00047 -0.00118 -1.00000
vn -0.00554 -0.00486 -0.99997
vn -0.00554 -0.00486 -0.99997
vn -0.00554 -0.00486 -0.99997
vn -0.00255 -0.00090 -1.00000
vn -0.00255 -0.00090 -1.00000
vn -0.00255 -0.00090 -1.00000
vn -0.91399 -0.40333 -0.04413
vn -0.91399 -0.40333 -0.04413
vn -0.91399 -0.40333 -0.04413
vn -0.54425 -0.83804 -0.03845
vn -0.54425 -0.83804 -0.03845
vn -0.54425 -0.83804 -0.03845
vn -0.70849 -0.70569 0.00728
vn -0.70849 -0.70569 0.00728
vn -0.70849 -0.70569 0.00728
vn -0.02969 -0.99936 -0.02017
vn -0.02969 -0.99936 -0.02017
vn -0.02969 -0.99936 -0.02017
vn -0.01581 -0.99980 -0.01243
vn -0.01581 -0.99980 -0.01243
vn -0.01581 -0.99980 -0.01243
vn 0.99977 -0.00446 -0.02093
vn 0.99977 -0.00446 -0.02093
vn 0.99977 -0.00446 -0.02093
vn 0.99950 0.01355 -0.02864
vn 0.99950 0.01355 -0.02864
vn 0.99950 0.01355 -0.02864
vn 0.94012 0.33986 -0.02571
vn 0.94012 0.33986 -0.02571
vn 0.94012 0.33986 -0.02571
vn 0.91265 0.40851 -0.01365
vn 0.91265 0.40851 -0.01365
vn 0.91265 0.40851 -0.01365
vn 0.72257 0.69018 -0.03932
vn 0.72257 0.69018 -0.03932
vn 0.72257 0.69018 -0.03932
vn 0.52592 0.85053 0.00197
vn 0.52592 0.85053 0.00197
vn 0.52592 0.85053 0.00197
vn 0.35291 0.93509 -0.03255
vn 0.35291 0.93509 -0.03255
vn 0.35291 0.93509 -0.03255
vn -0.00205 0.99974 -0.02258
vn -0.00205 0.99974 -0.02258
vn -0.00205 0.99974 -0.02258
vn -0.00566 0.99976 -0.02103
vn -0.00566 0.99976 -0.02103
vn -0.00566 0.99976 -0.02103
vn -0.99995 -0.00609 -0.00752
vn -0.99995 -0.00609 -0.00752
vn -0.99995 -0.00609 -0.00752
vn -0.99938 -0.02889 -0.02015
vn -0.99938 -0.02889 -0.02015
vn -0.99938 -0.02889 -0.02015
vn 0.00126 -0.00280 -1.00000
vn 0.00126 -0.00280 -1.00000
vn 0.00126 -0.00280 -1.00000
vn 0.00151 -0.00312 -0.99999
vn 0.00151 -0.00312 -0.99999
vn 0.00151 -0.00312 -0.99999
vn -0.00486 0.00554 -0.99997
vn -0.00486 0.00554 -0.99997
vn -0.00486 0.00554 -0.99997
vn -0.00085 0.00200 -1.00000
vn -0.00085 0.00200 -1.00000
vn -0.00085 0.00200 -1.00000
vn -0.00750 0.01110 -0.99991
vn -0.00750 0.01110 -0.99991
vn -0.00750 0.01110 -0.99991
vn 0.01066 -0.00615 -0.99992
vn 0.01066 -0.00615 -0.99992
vn 0.01066 -0.00615 -0.99992
vn 0.00232 0.00664 -0.99998
vn 0.00232 0.00664 -0.99998
vn 0.00232 0.00664 -0.99998
vn 0.00800 0.00321 -0.99996
vn 0.00800 0.00321 -0.99996
vn 0.00800 0.00321 -0.99996
vn -0.00212 -0.01303 -0.99991
vn -0.00212 -0.01303 -0.99991
vn -0.00212 -0.01303 -0.99991
vn 0.00833 0.00351 -0.99996
vn 0.00833 0.00351 -0.99996
vn 0.00833 0.00351 -0.99996
vn -0.00500 -0.01202 -0.99992
vn -0.00500 -0.01202 -0.99992
vn -0.00500 -0.01202 -0.99992
vn 0.00306 0.00736 -0.99997
vn 0.00306 0.00736 -0.99997
vn 0.00306 0.00736 -0.99997
vn 0.01084 -0.01166 -0.99987
vn 0.01084 -0.01166 -0.99987
vn 0.01084 -0.01166 -0.99987
vn -0.01522 0.00655 -0.99986
vn -0.01522 0.00655 -0.99986
vn -0.01522 0.00655 -0.99986
vn 0.01146 -0.00687 -0.99991
vn 0.01146 -0.00687 -0.99991
vn 0.01146 -0.00687 -0.99991
vn 0.02178 -0.01321 -0.99968
vn 0.02178 -0.01321 -0.99968
vn 0.02178 -0.01321 -0.99968
vn 0.00494 -0.00936 -0.99994
vn 0.00494 -0.00936 -0.99994
vn 0.00494 -0.00936 -0.99994
vn -0.00397 -0.01056 -0.99994
vn -0.00397 -0.01056 -0.99994
vn -0.00397 -0.01056 -0.99994
vn 0.01131 -0.03267 -0.99940
vn 0.01131 -0.03267 -0.99940
vn 0.01131 -0.03267 -0.99940
vn -0.00922 0.01598 -0.99983
vn -0.00922 0.01598 -0.99983
vn -0.00922 0.01598 -0.99983
vn -0.03495 -0.00471 -0.99938
vn -0.03495 -0.00471 -0.99938
vn -0.03495 -0.00471 -0.99938
vn 0.01821 0.00035 -0.99983
vn 0.01821 0.00035 -0.99983
vn 0.01821 0.00035 -0.99983
vn 0.00039 -0.01370 -0.99991
vn 0.00039 -0.01370 -0.99991
vn 0.00039 -0.01370 -0.99991
vn 0.97433 0.22345 -0.02730
vn 0.97433 0.22345 -0.02730
vn 0.97433 0.22345 -0.02730
vn 0.95579 0.27379 -0.10727
vn 0.95579 0.27379 -0.10727
vn 0.95579 0.27379 -0.10727
vn 0.33310 -0.93783 0.09751
vn 0.33310 -0.93783 0.09751
vn 0.33310 -0.93783 0.09751
vn 0.51961 0.85421 0.01805
vn 0.51961 0.85421 0.01805
vn 0.51961 0.85421 0.01805
vn 0.60773 -0.77832 -0.15773
vn 0.60773 -0.77832 -0.15773
vn 0.60773 -0.77832 -0.15773
vn 0.45442 0.88648 -0.08754
vn 0.45442 0.88648 -0.08754
vn 0.45442 0.88648 -0.08754
vn 0.91305 -0.40692 0.02743
vn 0.91305 -0.40692 0.02743
vn 0.91305 -0.40692 0.02743
vn 0.89924 -0.43693 -0.02166
vn 0.89924 -0.43693 -0.02166
vn 0.89924 -0.43693 -0.02166
vn -0.73165 0.66736 -0.13902
vn -0.73165 0.66736 -0.13902
vn -0.73165 0.66736 -0.13902
vn 0.02040 -0.99671 0.07850
vn 0.02040 -0.99671 0.07850
vn 0.02040 -0.99671 0.07850
vn -0.70624 0.70213 -0.09078
vn -0.70624 0.70213 -0.09078
vn -0.70624 0.70213 -0.09078
vn -0.34887 -0.92696 -0.13798
vn -0.34887 -0.92696 -0.13798
vn -0.34887 -0.92696 -0.13798
vn -0.10990 0.99341 0.03246
vn -0.10990 0.99341 0.03246
vn -0.10990 0.99341 0.03246
vn -0.69708 -0.71294 0.07612
vn -0.69708 -0.71294 0.07612
vn -0.69708 -0.71294 0.07612
vn -0.92023 -0.32565 -0.21711
vn -0.92023 -0.32565 -0.21711
vn -0.92023 -0.32565 -0.21711
vn -0.99504 0.02808 0.09542
vn -0.99504 0.02808 0.09542
vn -0.99504 0.02808 0.09542
vn -0.95903 -0.27114 -0.08210
vn -0.95903 -0.27114 -0.08210
vn -0.95903 -0.27114 -0.08210
vn -0.97072 0.23936 0.02026
vn -0.97072 0.23936 0.02026
vn -0.97072 0.23936 0.02026
vn -0.35623 0.93404 -0.02584
vn -0.35623 0.93404 -0.02584
vn -0.35623 0.93404 -0.02584
vn -0.21143 0.97535 -0.06311
vn -0.21143 0.97535 -0.06311
vn -0.21143 0.97535 -0.06311
vn -0.59696 -0.80200 0.02078
vn -0.59696 -0.80200 0.02078
vn -0.59696 -0.80200 0.02078
vn 0.24759 0.05212 -0.96746
vn 0.24759 0.05212 -0.96746
vn 0.24759 0.05212 -0.96746
vn -0.22156 0.21085 -0.95208
vn -0.22156 0.21085 -0.95208
vn -0.22156 0.21085 -0.95208
vn 0.00221 0.18946 -0.98189
vn 0.00221 0.18946 -0.98189
vn 0.00221 0.18946 -0.98189
vn 0.03615 -0.09462 -0.99486
vn 0.03615 -0.09462 -0.99486
vn 0.03615 -0.09462 -0.99486
vn -0.03969 -0.05317 -0.99780
vn -0.03969 -0.05317 -0.99780
vn -0.03969 -0.05317 -0.99780
vn 0.14930 -0.03803 -0.98806
vn 0.14930 -0.03803 -0.98806
vn 0.14930 -0.03803 -0.98806
vn 0.05739 -0.02637 -0.99800
vn 0.05739 -0.02637 -0.99800
vn 0.05739 -0.02637 -0.99800
vn 0.03954 -0.09940 -0.99426
vn 0.03954 -0.09940 -0.99426
vn 0.03954 -0.09940 -0.99426
vn 0.06769 0.08114 -0.99440
vn 0.06769 0.08114 -0.99440
vn 0.06769 0.08114 -0.99440
vn 0.05164 0.06922 -0.99626
vn 0.05164 0.06922 -0.99626
vn 0.05164 0.06922 -0.99626
vn -0.54187 -0.19547 -0.81741
vn -0.54187 -0.19547 -0.81741
vn -0.54187 -0.19547 -0.81741
vn -0.05317 -0.14294 -0.98830
vn -0.05317 -0.14294 -0.98830
vn -0.05317 -0.14294 -0.98830
vn -0.04292 0.01181 -0.99901
vn -0.04292 0.01181 -0.99901
vn -0.04292 0.01181 -0.99901
vn -0.03035 0.07530 -0.99670
vn -0.03035 0.07530 -0.99670
vn -0.03035 0.07530 -0.99670
vn 0.00027 -0.00020 -1.00000
vn 0.00027 -0.00020 -1.00000
vn 0.00027 -0.00020 -1.00000
vn -0.00028 0.00012 -1.00000
vn -0.00028 0.00012 -1.00000
vn -0.00028 0.00012 -1.00000
vn -0.00652 0.57594 0.81747
vn -0.00652 0.57594 0.81747
vn -0.00652 0.57594 0.81747
vn -0.00835 0.57239 0.81994
vn -0.00835 0.57239 0.81994
vn -0.00835 0.57239 0.81994
vn -0.00773 -0.57274 0.81970
vn -0.00773 -0.57274 0.81970
vn -0.00773 -0.57274 0.81970
vn -0.00653 -0.57504 0.81810
vn -0.00653 -0.57504 0.81810
vn -0.00653 -0.57504 0.81810
vn 0.00761 -0.57432 0.81859
vn 0.00761 -0.57432 0.81859
vn 0.00761 -0.57432 0.81859
vn 0.00706 -0.57539 0.81785
vn 0.00706 -0.57539 0.81785
vn 0.00706 -0.57539 0.81785
vn 0.00705 0.57611 0.81734
vn 0.00705 0.57611 0.81734
vn 0.00705 0.57611 0.81734
vn 0.00812 0.57404 0.81879
vn 0.00812 0.57404 0.81879
vn 0.00812 0.57404 0.81879
vn -0.61733 -0.35959 0.69972
vn -0.61733 -0.35959 0.69972
vn -0.61733 -0.35959 0.69972
vn -0.35760 -0.61009 0.70705
vn -0.35760 -0.61009 0.70705
vn -0.35760 -0.61009 0.70705
vn -0.05558 -0.71422 0.69771
vn -0.05558 -0.71422 0.69771
vn -0.05558 -0.71422 0.69771
vn 0.38842 -0.59876 0.70044
vn 0.38842 -0.59876 0.70044
vn 0.38842 -0.59876 0.70044
vn 0.64128 -0.31538 0.69949
vn 0.64128 -0.31538 0.69949
vn 0.64128 -0.31538 0.69949
vn -0.00004 0.99963 0.02719
vn -0.00004 0.99963 0.02719
vn -0.00004 0.99963 0.02719
vn -0.00162 1.00000 0.00174
vn -0.00162 1.00000 0.00174
vn -0.00162 1.00000 0.00174
vn -0.00139 0.00212 -1.00000
vn -0.00139 0.00212 -1.00000
vn -0.00139 0.00212 -1.00000
vn -0.00003 0.02530 -0.99968
vn -0.00003 0.02530 -0.99968
vn -0.00003 0.02530 -0.99968
vn -0.99973 0.01046 0.02070
vn -0.99973 0.01046 0.02070
vn -0.99973 0.01046 0.02070
vn -0.99649 0.05875 0.05959
vn -0.99649 0.05875 0.05959
vn -0.99649 0.05875 0.05959
vn -0.99950 0.02190 0.02283
vn -0.99950 0.02190 0.02283
vn -0.99950 0.02190 0.02283
vn -0.99973 0.00241 0.02304
vn -0.99973 0.00241 0.02304
vn -0.99973 0.00241 0.02304
vn -0.99997 -0.00761 -0.00010
vn -0.99997 -0.00761 -0.00010
vn -0.99997 -0.00761 -0.00010
vn -0.98712 0.15934 -0.01438
vn -0.98712 0.15934 -0.01438
vn -0.98712 0.15934 -0.01438
vn -0.99977 0.01779 -0.01160
vn -0.99977 0.01779 -0.01160
vn -0.99977 0.01779 -0.01160
vn -0.99552 0.09453 -0.00060
vn -0.99552 0.09453 -0.00060
vn -0.99552 0.09453 -0.00060
vn -0.99987 -0.01614 0.00000
vn -0.99987 -0.01614 0.00000
vn -0.99987 -0.01614 0.00000
vn -0.99920 0.03840 -0.01118
vn -0.99920 0.03840 -0.01118
vn -0.99920 0.03840 -0.01118
vn -0.99360 0.09362 -0.06317
vn -0.99360 0.09362 -0.06317
vn -0.99360 0.09362 -0.06317
vn -0.99891 -0.04672 0.00000
vn -0.99891 -0.04672 0.00000
vn -0.99891 -0.04672 0.00000
vn -0.99834 -0.05762 0.00095
vn -0.99834 -0.05762 0.00095
vn -0.99834 -0.05762 0.00095
vn -0.99946 0.02549 -0.02053
vn -0.99946 0.02549 -0.02053
vn -0.99946 0.02549 -0.02053
vn 0.02692 0.99661 0.07773
vn 0.02692 0.99661 0.07773
vn 0.02692 0.99661 0.07773
vn -0.00007 0.99922 0.03944
vn -0.00007 0.99922 0.03944
vn -0.00007 0.99922 0.03944
vn -0.00054 0.99909 0.04275
vn -0.00054 0.99909 0.04275
vn -0.00054 0.99909 0.04275
vn -0.02466 0.99668 0.07757
vn -0.02466 0.99668 0.07757
vn -0.02466 0.99668 0.07757
vn -0.01240 0.99992 0.00058
vn -0.01240 0.99992 0.00058
vn -0.01240 0.99992 0.00058
vn 0.00489 0.99894 0.04583
vn 0.00489 0.99894 0.04583
vn 0.00489 0.99894 0.04583
vn -0.00085 0.99876 -0.04986
vn -0.00085 0.99876 -0.04986
vn -0.00085 0.99876 -0.04986
vn -0.01134 0.99947 0.03048
vn -0.01134 0.99947 0.03048
vn -0.01134 0.99947 0.03048
vn 0.01459 0.01721 0.99975
vn 0.01459 0.01721 0.99975
vn 0.01459 0.01721 0.99975
vn 0.00000 0.02703 0.99963
vn 0.00000 0.02703 0.99963
vn 0.00000 0.02703 0.99963
vn -0.00487 0.04996 0.99874
vn -0.00487 0.04996 0.99874
vn -0.00487 0.04996 0.99874
vn -0.01455 0.02345 0.99962
vn -0.01455 0.02345 0.99962
vn -0.01455 0.02345 0.99962
vn 0.00055 -0.03091 0.99952
vn 0.00055 -0.03091 0.99952
vn 0.00055 -0.03091 0.99952
vn 0.00000 -0.02573 0.99967
vn 0.00000 -0.02573 0.99967
vn 0.00000 -0.02573 0.99967
vn 0.01503 0.01036 -0.99983
vn 0.01503 0.01036 -0.99983
vn 0.01503 0.01036 -0.99983
vn 0.00455 0.04426 -0.99901
vn 0.00455 0.04426 -0.99901
vn 0.00455 0.04426 -0.99901
vn -0.00308 0.00851 -0.99996
vn -0.00308 0.00851 -0.99996
vn -0.00308 0.00851 -0.99996
vn -0.00945 0.02525 -0.99964
vn -0.00945 0.02525 -0.99964
vn -0.00945 0.02525 -0.99964
vn 0.00111 -0.03655 -0.99933
vn 0.00111 -0.03655 -0.99933
vn 0.00111 -0.03655 -0.99933
vn -0.00309 0.00369 -0.99999
vn -0.00309 0.00369 -0.99999
vn -0.00309 0.00369 -0.99999
vn -0.00454 0.99886 -0.04749
vn -0.00454 0.99886 -0.04749
vn -0.00454 0.99886 -0.04749
vn 0.00008 0.99944 -0.03353
vn 0.00008 0.99944 -0.03353
vn 0.00008 0.99944 -0.03353
vn 0.00093 -1.00000 0.00081
vn 0.00093 -1.00000 0.00081
vn 0.00093 -1.00000 0.00081
vn -0.00146 -1.00000 -0.00127
vn -0.00146 -1.00000 -0.00127
vn -0.00146 -1.00000 -0.00127
vn 0.00197 0.01622 0.99987
vn 0.00197 0.01622 0.99987
vn 0.00197 0.01622 0.99987
vn -0.00182 0.01017 0.99995
vn -0.00182 0.01017 0.99995
vn -0.00182 0.01017 0.99995
vn -0.00217 0.99997 -0.00720
vn -0.00217 0.99997 -0.00720
vn -0.00217 0.99997 -0.00720
vn 0.00233 0.99977 0.02131
vn 0.00233 0.99977 0.02131
vn 0.00233 0.99977 0.02131
vn 0.99470 0.08741 -0.05415
vn 0.99470 0.08741 -0.05415
vn 0.99470 0.08741 -0.05415
vn 0.99915 -0.04120 -0.00052
vn 0.99915 -0.04120 -0.00052
vn 0.99915 -0.04120 -0.00052
vn 0.99861 -0.05277 0.00050
vn 0.99861 -0.05277 0.00050
vn 0.99861 -0.05277 0.00050
vn 0.99964 0.01732 0.02063
vn 0.99964 0.01732 0.02063
vn 0.99964 0.01732 0.02063
vn 0.99953 0.02350 -0.01957
vn 0.99953 0.02350 -0.01957
vn 0.99953 0.02350 -0.01957
vn 0.99649 0.05875 0.05960
vn 0.99649 0.05875 0.05960
vn 0.99649 0.05875 0.05960
vn 0.99985 -0.00049 0.01731
vn 0.99985 -0.00049 0.01731
vn 0.99985 -0.00049 0.01731
vn 0.99985 -0.00059 0.01707
vn 0.99985 -0.00059 0.01707
vn 0.99985 -0.00059 0.01707
vn 0.99905 0.04000 0.01703
vn 0.99905 0.04000 0.01703
vn 0.99905 0.04000 0.01703
vn 0.98730 0.15838 -0.01234
vn 0.98730 0.15838 -0.01234
vn 0.98730 0.15838 -0.01234
vn 0.99290 0.11778 0.01675
vn 0.99290 0.11778 0.01675
vn 0.99290 0.11778 0.01675
vn 0.99373 -0.11075 -0.01560
vn 0.99373 -0.11075 -0.01560
vn 0.99373 -0.11075 -0.01560
vn 0.99986 -0.01672 -0.00052
vn 0.99986 -0.01672 -0.00052
vn 0.99986 -0.01672 -0.00052
vn 0.99918 0.03875 -0.01174
vn 0.99918 0.03875 -0.01174
vn 0.99918 0.03875 -0.01174
vn 0.04516 0.99894 0.00916
vn 0.04516 0.99894 0.00916
vn 0.04516 0.99894 0.00916
vn 0.01034 0.99987 -0.01257
vn 0.01034 0.99987 -0.01257
vn 0.01034 0.99987 -0.01257
vn -0.00668 0.99933 -0.03607
vn -0.00668 0.99933 -0.03607
vn -0.00668 0.99933 -0.03607
vn 0.91412 -0.08815 -0.39575
vn 0.91412 -0.08815 -0.39575
vn 0.91412 -0.08815 -0.39575
vn 0.63508 0.02858 -0.77192
vn 0.63508 0.02858 -0.77192
vn 0.63508 0.02858 -0.77192
vn 0.61669 0.05776 -0.78508
vn 0.61669 0.05776 -0.78508
vn 0.61669 0.05776 -0.78508
vn 0.99745 0.03190 -0.06390
vn 0.99745 0.03190 -0.06390
vn 0.99745 0.03190 -0.06390
vn 0.99479 0.06030 -0.08217
vn 0.99479 0.06030 -0.08217
vn 0.99479 0.06030 -0.08217
vn 0.05974 -0.00483 -0.99820
vn 0.05974 -0.00483 -0.99820
vn 0.05974 -0.00483 -0.99820
vn 0.07614 0.02458 -0.99679
vn 0.07614 0.02458 -0.99679
vn 0.07614 0.02458 -0.99679
vn -0.00645 0.99928 0.03733
vn -0.00645 0.99928 0.03733
vn -0.00645 0.99928 0.03733
vn 0.04496 0.99894 -0.00972
vn 0.04496 0.99894 -0.00972
vn 0.04496 0.99894 -0.00972
vn 0.01095 0.99987 0.01205
vn 0.01095 0.99987 0.01205
vn 0.01095 0.99987 0.01205
vn 0.66997 0.09009 0.73690
vn 0.66997 0.09009 0.73690
vn 0.66997 0.09009 0.73690
vn 0.75599 -0.05157 0.65255
vn 0.75599 -0.05157 0.65255
vn 0.75599 -0.05157 0.65255
vn 0.07367 -0.01623 0.99715
vn 0.07367 -0.01623 0.99715
vn 0.07367 -0.01623 0.99715
vn 0.04524 0.03298 0.99843
vn 0.04524 0.03298 0.99843
vn 0.04524 0.03298 0.99843
vn 0.99741 0.00975 0.07127
vn 0.99741 0.00975 0.07127
vn 0.99741 0.00975 0.07127
vn 0.99688 -0.00438 0.07878
vn 0.99688 -0.00438 0.07878
vn 0.99688 -0.00438 0.07878
vn -0.04652 0.99887 0.00969
vn -0.04652 0.99887 0.00969
vn -0.04652 0.99887 0.00969
vn 0.00358 0.99949 -0.03180
vn 0.00358 0.99949 -0.03180
vn 0.00358 0.99949 -0.03180
vn -0.01031 0.99987 -0.01263
vn -0.01031 0.99987 -0.01263
vn -0.01031 0.99987 -0.01263
vn -0.63204 0.03327 -0.77422
vn -0.63204 0.03327 -0.77422
vn -0.63204 0.03327 -0.77422
vn -0.61649 0.05786 -0.78523
vn -0.61649 0.05786 -0.78523
vn -0.61649 0.05786 -0.78523
vn -0.91352 -0.08766 -0.39724
vn -0.91352 -0.08766 -0.39724
vn -0.91352 -0.08766 -0.39724
vn -0.07137 -0.01577 -0.99733
vn -0.07137 -0.01577 -0.99733
vn -0.07137 -0.01577 -0.99733
vn -0.06975 -0.01323 -0.99748
vn -0.06975 -0.01323 -0.99748
vn -0.06975 -0.01323 -0.99748
vn -0.99730 0.03687 -0.06353
vn -0.99730 0.03687 -0.06353
vn -0.99730 0.03687 -0.06353
vn -0.99499 0.06115 -0.07914
vn -0.99499 0.06115 -0.07914
vn -0.99499 0.06115 -0.07914
vn 0.00636 0.99904 0.04336
vn 0.00636 0.99904 0.04336
vn 0.00636 0.99904 0.04336
vn 0.00000 1.00000 0.00000
vn 0.00000 1.00000 0.00000
vn 0.00000 1.00000 0.00000
vn -0.01213 0.99986 0.01160
vn -0.01213 0.99986 0.01160
vn -0.01213 0.99986 0.01160
vn -0.04726 0.99884 -0.00967
vn -0.04726 0.99884 -0.00967
vn -0.04726 0.99884 -0.00967
vn -0.87251 0.08593 0.48099
vn -0.87251 0.08593 0.48099
vn -0.87251 0.08593 0.48099
vn -0.74667 -0.05353 0.66304
vn -0.74667 -0.05353 0.66304
vn -0.74667 -0.05353 0.66304
vn -0.53492 0.11669 0.83680
vn -0.53492 0.11669 0.83680
vn -0.53492 0.11669 0.83680
vn -0.99876 0.01671 0.04691
vn -0.99876 0.01671 0.04691
vn -0.99876 0.01671 0.04691
vn -0.99820 -0.00337 0.05985
vn -0.99820 -0.00337 0.05985
vn -0.99820 -0.00337 0.05985
vn -0.06806 -0.01657 0.99754
vn -0.06806 -0.01657 0.99754
vn -0.06806 -0.01657 0.99754
vn -0.05555 0.00405 0.99845
vn -0.05555 0.00405 0.99845
vn -0.05555 0.00405 0.99845
vn 0.00089 0.83738 0.54662
vn 0.00089 0.83738 0.54662
vn 0.00089 0.83738 0.54662
vn 0.00054 0.83453 0.55097
vn 0.00054 0.83453 0.55097
vn 0.00054 0.83453 0.55097
vn 0.00413 0.77040 -0.63755
vn 0.00413 0.77040 -0.63755
vn 0.00413 0.77040 -0.63755
vn -0.01049 0.56812 -0.82288
vn -0.01049 0.56812 -0.82288
vn -0.01049 0.56812 -0.82288
vn -0.00252 0.70351 -0.71068
vn -0.00252 0.70351 -0.71068
vn -0.00252 0.70351 -0.71068
vn 0.00333 0.75680 -0.65364
vn 0.00333 0.75680 -0.65364
vn 0.00333 0.75680 -0.65364
vn -0.00389 0.74769 0.66403
vn -0.00389 0.74769 0.66403
vn -0.00389 0.74769 0.66403
vn 0.00318 0.67715 0.73584
vn 0.00318 0.67715 0.73584
vn 0.00318 0.67715 0.73584
vn -0.01674 0.57899 -0.81517
vn -0.01674 0.57899 -0.81517
vn -0.01674 0.57899 -0.81517
vn -0.37366 0.80082 -0.46804
vn -0.37366 0.80082 -0.46804
vn -0.37366 0.80082 -0.46804
vn -0.77245 0.12721 -0.62220
vn -0.77245 0.12721 -0.62220
vn -0.77245 0.12721 -0.62220
vn -0.56684 0.78670 -0.24453
vn -0.56684 0.78670 -0.24453
vn -0.56684 0.78670 -0.24453
vn -0.69823 0.71576 -0.01289
vn -0.69823 0.71576 -0.01289
vn -0.69823 0.71576 -0.01289
vn -0.95936 0.27474 -0.06435
vn -0.95936 0.27474 -0.06435
vn -0.95936 0.27474 -0.06435
vn -0.71469 0.01220 -0.69934
vn -0.71469 0.01220 -0.69934
vn -0.71469 0.01220 -0.69934
vn -0.43917 0.02291 -0.89811
vn -0.43917 0.02291 -0.89811
vn -0.43917 0.02291 -0.89811
vn -0.57222 0.54085 -0.61648
vn -0.57222 0.54085 -0.61648
vn -0.57222 0.54085 -0.61648
vn 0.70099 0.71317 -0.00113
vn 0.70099 0.71317 -0.00113
vn 0.70099 0.71317 -0.00113
vn 0.57164 0.78238 -0.24719
vn 0.57164 0.78238 -0.24719
vn 0.57164 0.78238 -0.24719
vn 0.77601 0.08420 -0.62508
vn 0.77601 0.08420 -0.62508
vn 0.77601 0.08420 -0.62508
vn 0.36565 0.80649 -0.46463
vn 0.36565 0.80649 -0.46463
vn 0.36565 0.80649 -0.46463
vn 0.01791 0.61665 -0.78703
vn 0.01791 0.61665 -0.78703
vn 0.01791 0.61665 -0.78703
vn -0.83525 0.38649 0.39113
vn -0.83525 0.38649 0.39113
vn -0.83525 0.38649 0.39113
vn 0.87092 0.48799 -0.05803
vn 0.87092 0.48799 -0.05803
vn 0.87092 0.48799 -0.05803
vn -0.60901 0.79267 0.02783
vn -0.60901 0.79267 0.02783
vn -0.60901 0.79267 0.02783
vn 0.82062 0.41572 -0.39212
vn 0.82062 0.41572 -0.39212
vn 0.82062 0.41572 -0.39212
vn 0.54984 -0.03722 -0.83444
vn 0.54984 -0.03722 -0.83444
vn 0.54984 -0.03722 -0.83444
vn 0.70224 0.01335 -0.71181
vn 0.70224 0.01335 -0.71181
vn 0.70224 0.01335 -0.71181
vn 0.78249 0.00925 -0.62260
vn 0.78249 0.00925 -0.62260
vn 0.78249 0.00925 -0.62260
vn 0.63396 0.55242 -0.54122
vn 0.63396 0.55242 -0.54122
vn 0.63396 0.55242 -0.54122
vn 0.82526 0.40110 0.39758
vn 0.82526 0.40110 0.39758
vn 0.82526 0.40110 0.39758
vn 0.62905 0.77691 0.02654
vn 0.62905 0.77691 0.02654
vn 0.62905 0.77691 0.02654
vn 0.76851 0.63910 0.03075
vn 0.76851 0.63910 0.03075
vn 0.76851 0.63910 0.03075
vn 0.38945 0.81114 0.43633
vn 0.38945 0.81114 0.43633
vn 0.38945 0.81114 0.43633
vn -0.00315 -1.00000 0.00007
vn -0.00315 -1.00000 0.00007
vn -0.00315 -1.00000 0.00007
vn 0.02068 -0.99907 -0.03777
vn 0.02068 -0.99907 -0.03777
vn 0.02068 -0.99907 -0.03777
vn -0.00034 0.49632 -0.86814
vn -0.00034 0.49632 -0.86814
vn -0.00034 0.49632 -0.86814
vn 0.00220 0.49412 -0.86939
vn 0.00220 0.49412 -0.86939
vn 0.00220 0.49412 -0.86939
vn 0.00085 0.99716 -0.07533
vn 0.00085 0.99716 -0.07533
vn 0.00085 0.99716 -0.07533
vn 0.00002 0.99797 -0.06368
vn 0.00002 0.99797 -0.06368
vn 0.00002 0.99797 -0.06368
vn -0.08732 0.10083 -0.99106
vn -0.08732 0.10083 -0.99106
vn -0.08732 0.10083 -0.99106
vn -0.00296 0.03051 -0.99953
vn -0.00296 0.03051 -0.99953
vn -0.00296 0.03051 -0.99953
vn -0.00102 0.02399 -0.99971
vn -0.00102 0.02399 -0.99971
vn -0.00102 0.02399 -0.99971
vn 0.00002 -0.00016 -1.00000
vn 0.00002 -0.00016 -1.00000
vn 0.00002 -0.00016 -1.00000
vn -0.00004 -0.00009 -1.00000
vn -0.00004 -0.00009 -1.00000
vn -0.00004 -0.00009 -1.00000
vn 0.05079 0.08260 -0.99529
vn 0.05079 0.08260 -0.99529
vn 0.05079 0.08260 -0.99529
vn -0.00214 0.99998 -0.00529
vn -0.00214 0.99998 -0.00529
vn -0.00214 0.99998 -0.00529
vn -0.00977 0.99987 0.01277
vn -0.00977 0.99987 0.01277
vn -0.00977 0.99987 0.01277
vn -0.00029 0.01606 0.99987
vn -0.00029 0.01606 0.99987
vn -0.00029 0.01606 0.99987
vn -0.01196 0.00652 0.99991
vn -0.01196 0.00652 0.99991
vn -0.01196 0.00652 0.99991
vn -0.00163 0.01116 0.99994
vn -0.00163 0.01116 0.99994
vn -0.00163 0.01116 0.99994
vn -0.00861 -0.00224 0.99996
vn -0.00861 -0.00224 0.99996
vn -0.00861 -0.00224 0.99996
vn -0.00707 0.00655 0.99995
vn -0.00707 0.00655 0.99995
vn -0.00707 0.00655 0.99995
vn -0.00371 0.00335 0.99999
vn -0.00371 0.00335 0.99999
vn -0.00371 0.00335 0.99999
vn 0.00191 0.00021 1.00000
vn 0.00191 0.00021 1.00000
vn 0.00191 0.00021 1.00000
vn -0.00085 -0.00110 1.00000
vn -0.00085 -0.00110 1.00000
vn -0.00085 -0.00110 1.00000
vn -0.00174 -0.00039 1.00000
vn -0.00174 -0.00039 1.00000
vn -0.00174 -0.00039 1.00000
vn -0.00300 0.00394 0.99999
vn -0.00300 0.00394 0.99999
vn -0.00300 0.00394 0.99999
vn 0.04073 -0.02251 0.99892
vn 0.04073 -0.02251 0.99892
vn 0.04073 -0.02251 0.99892
vn 0.00712 0.01593 0.99985
vn 0.00712 0.01593 0.99985
vn 0.00712 0.01593 0.99985
vn 0.00561 -0.00558 0.99997
vn 0.00561 -0.00558 0.99997
vn 0.00561 -0.00558 0.99997
vn 0.01106 0.00641 0.99992
vn 0.01106 0.00641 0.99992
vn 0.01106 0.00641 0.99992
vn -0.00473 -0.00195 0.99999
vn -0.00473 -0.00195 0.99999
vn -0.00473 -0.00195 0.99999
vn 0.00017 0.00157 1.00000
vn 0.00017 0.00157 1.00000
vn 0.00017 0.00157 1.00000
vn 0.01088 0.00663 0.99992
vn 0.01088 0.00663 0.99992
vn 0.01088 0.00663 0.99992
vn -0.00460 -0.00367 0.99998
vn -0.00460 -0.00367 0.99998
vn -0.00460 -0.00367 0.99998
vn -0.00001 0.00350 0.99999
vn -0.00001 0.00350 0.99999
vn -0.00001 0.00350 0.99999
vn -0.00001 0.99241 0.12297
vn -0.00001 0.99241 0.12297
vn -0.00001 0.99241 0.12297
vn -0.00477 0.98231 0.18718
vn -0.00477 0.98231 0.18718
vn -0.00477 0.98231 0.18718
vn -0.00557 -0.49314 0.86993
vn -0.00557 -0.49314 0.86993
vn -0.00557 -0.49314 0.86993
vn -0.00023 -0.49786 0.86726
vn -0.00023 -0.49786 0.86726
vn -0.00023 -0.49786 0.86726
vn -0.00094 0.03131 0.99951
vn -0.00094 0.03131 0.99951
vn -0.00094 0.03131 0.99951
vn -0.00035 0.03943 0.99922
vn -0.00035 0.03943 0.99922
vn -0.00035 0.03943 0.99922
vn 0.99279 0.01133 0.11930
vn 0.99279 0.01133 0.11930
vn 0.99279 0.01133 0.11930
vn -0.95649 0.00978 0.29160
vn -0.95649 0.00978 0.29160
vn -0.95649 0.00978 0.29160
vn -0.00155 0.00647 -0.99998
vn -0.00155 0.00647 -0.99998
vn -0.00155 0.00647 -0.99998
vn 0.00207 0.00065 -1.00000
vn 0.00207 0.00065 -1.00000
vn 0.00207 0.00065 -1.00000
vn -0.01754 -0.99932 -0.03232
vn -0.01754 -0.99932 -0.03232
vn -0.01754 -0.99932 -0.03232
vn 0.00344 -0.99999 0.00035
vn 0.00344 -0.99999 0.00035
vn 0.00344 -0.99999 0.00035
vn 0.99998 -0.00145 0.00565
vn 0.99998 -0.00145 0.00565
vn 0.99998 -0.00145 0.00565
vn 0.99989 -0.01115 -0.01004
vn 0.99989 -0.01115 -0.01004
vn 0.99989 -0.01115 -0.01004
vn 0.99901 -0.04438 -0.00271
vn 0.99901 -0.04438 -0.00271
vn 0.99901 -0.04438 -0.00271
vn 0.99976 -0.02087 0.00622
vn 0.99976 -0.02087 0.00622
vn 0.99976 -0.02087 0.00622
vn -0.99999 -0.00210 0.00428
vn -0.99999 -0.00210 0.00428
vn -0.99999 -0.00210 0.00428
vn -0.99986 -0.01182 -0.01175
vn -0.99986 -0.01182 -0.01175
vn -0.99986 -0.01182 -0.01175
vn -0.99933 -0.03627 -0.00407
vn -0.99933 -0.03627 -0.00407
vn -0.99933 -0.03627 -0.00407
vn -0.99989 -0.01383 0.00453
vn -0.99989 -0.01383 0.00453
vn -0.99989 -0.01383 0.00453
vn -0.99600 0.08837 -0.01351
vn -0.99600 0.08837 -0.01351
vn -0.99600 0.08837 -0.01351
vn -0.99629 0.08589 0.00501
vn -0.99629 0.08589 0.00501
vn -0.99629 0.08589 0.00501
vn 0.15644 -0.98769 0.00121
vn 0.15644 -0.98769 0.00121
vn 0.15644 -0.98769 0.00121
vn -0.88208 -0.47106 0.00694
vn -0.88208 -0.47106 0.00694
vn -0.88208 -0.47106 0.00694
vn -0.99922 0.01814 0.03508
vn -0.99922 0.01814 0.03508
vn -0.99922 0.01814 0.03508
vn -0.99997 0.00774 0.00140
vn -0.99997 0.00774 0.00140
vn -0.99997 0.00774 0.00140
vn 0.99998 0.00596 0.00143
vn 0.99998 0.00596 0.00143
vn 0.99998 0.00596 0.00143
vn 0.99924 0.01659 0.03516
vn 0.99924 0.01659 0.03516
vn 0.99924 0.01659 0.03516
vn 0.98620 -0.16157 0.03599
vn 0.98620 -0.16157 0.03599
vn 0.98620 -0.16157 0.03599
vn 0.92682 -0.37547 0.00517
vn 0.92682 -0.37547 0.00517
vn 0.92682 -0.37547 0.00517
vn 0.88285 -0.46965 0.00221
vn 0.88285 -0.46965 0.00221
vn 0.88285 -0.46965 0.00221
vn 0.99599 0.08840 -0.01378
vn 0.99599 0.08840 -0.01378
vn 0.99599 0.08840 -0.01378
vn 0.99631 0.08468 0.01400
vn 0.99631 0.08468 0.01400
vn 0.99631 0.08468 0.01400
vn -0.00099 -0.70429 0.70992
vn -0.00099 -0.70429 0.70992
vn -0.00099 -0.70429 0.70992
vn 0.00122 -0.69417 0.71981
vn 0.00122 -0.69417 0.71981
vn 0.00122 -0.69417 0.71981
vn -0.00433 -0.70477 -0.70942
vn -0.00433 -0.70477 -0.70942
vn -0.00433 -0.70477 -0.70942
vn -0.00203 -0.72012 -0.69385
vn -0.00203 -0.72012 -0.69385
vn -0.00203 -0.72012 -0.69385
vn 0.00057 -0.71123 -0.70296
vn 0.00057 -0.71123 -0.70296
vn 0.00057 -0.71123 -0.70296
vn 0.00781 -0.70757 -0.70660
vn 0.00781 -0.70757 -0.70660
vn 0.00781 -0.70757 -0.70660
vn -0.52365 0.85193 -0.00384
vn -0.52365 0.85193 -0.00384
vn -0.52365 0.85193 -0.00384
vn -0.49676 0.86761 -0.02187
vn -0.49676 0.86761 -0.02187
vn -0.49676 0.86761 -0.02187
vn -0.72224 0.69090 0.03210
vn -0.72224 0.69090 0.03210
vn -0.72224 0.69090 0.03210
vn -0.89794 0.43854 -0.03721
vn -0.89794 0.43854 -0.03721
vn -0.89794 0.43854 -0.03721
vn -0.95981 0.27954 0.02481
vn -0.95981 0.27954 0.02481
vn -0.95981 0.27954 0.02481
vn 0.94169 0.33646 -0.00319
vn 0.94169 0.33646 -0.00319
vn 0.94169 0.33646 -0.00319
vn 0.88545 0.46211 0.04922
vn 0.88545 0.46211 0.04922
vn 0.88545 0.46211 0.04922
vn 0.64507 0.76412 -0.00073
vn 0.64507 0.76412 -0.00073
vn 0.64507 0.76412 -0.00073
vn 0.58880 0.80796 0.02258
vn 0.58880 0.80796 0.02258
vn 0.58880 0.80796 0.02258
vn 0.31854 0.94626 -0.05585
vn 0.31854 0.94626 -0.05585
vn 0.31854 0.94626 -0.05585
vn 0.64547 0.76293 -0.03606
vn 0.64547 0.76293 -0.03606
vn 0.64547 0.76293 -0.03606
vn 0.70211 -0.31412 0.63904
vn 0.70211 -0.31412 0.63904
vn 0.70211 -0.31412 0.63904
vn 0.70927 0.00203 0.70494
vn 0.70927 0.00203 0.70494
vn 0.70927 0.00203 0.70494
vn 0.40137 0.62521 0.66934
vn 0.40137 0.62521 0.66934
vn 0.40137 0.62521 0.66934
vn 0.00728 0.71229 0.70185
vn 0.00728 0.71229 0.70185
vn 0.00728 0.71229 0.70185
vn -0.43073 0.28369 0.85673
vn -0.43073 0.28369 0.85673
vn -0.43073 0.28369 0.85673
vn 0.69881 0.00709 0.71528
vn 0.69881 0.00709 0.71528
vn 0.69881 0.00709 0.71528
vn -0.69982 0.00070 0.71432
vn -0.69982 0.00070 0.71432
vn -0.69982 0.00070 0.71432
vn 0.91431 -0.40501 -0.00342
vn 0.91431 -0.40501 -0.00342
vn 0.91431 -0.40501 -0.00342
vn -0.66940 0.74283 0.01036
vn -0.66940 0.74283 0.01036
vn -0.66940 0.74283 0.01036
vn -0.70163 -0.31305 0.64009
vn -0.70163 -0.31305 0.64009
vn -0.70163 -0.31305 0.64009
vn 0.74152 0.38309 -0.55081
vn 0.74152 0.38309 -0.55081
vn 0.74152 0.38309 -0.55081
vn -0.69609 0.00668 0.71793
vn -0.69609 0.00668 0.71793
vn -0.69609 0.00668 0.71793
vn 0.67269 0.73985 -0.01041
vn 0.67269 0.73985 -0.01041
vn 0.67269 0.73985 -0.01041
vn 0.63734 0.77003 -0.02923
vn 0.63734 0.77003 -0.02923
vn 0.63734 0.77003 -0.02923
vn -0.87268 -0.48827 -0.00475
vn -0.87268 -0.48827 -0.00475
vn -0.87268 -0.48827 -0.00475
vn 0.57907 0.00819 -0.81524
vn 0.57907 0.00819 -0.81524
vn 0.57907 0.00819 -0.81524
vn 0.70102 0.00395 -0.71314
vn 0.70102 0.00395 -0.71314
vn 0.70102 0.00395 -0.71314
vn 0.87121 0.31100 -0.37982
vn 0.87121 0.31100 -0.37982
vn 0.87121 0.31100 -0.37982
vn 0.34044 0.29061 -0.89423
vn 0.34044 0.29061 -0.89423
vn 0.34044 0.29061 -0.89423
vn -0.63689 0.27274 -0.72110
vn -0.63689 0.27274 -0.72110
vn -0.63689 0.27274 -0.72110
vn -0.71001 0.00466 -0.70418
vn -0.71001 0.00466 -0.70418
vn -0.71001 0.00466 -0.70418
vn -0.72334 0.00533 -0.69048
vn -0.72334 0.00533 -0.69048
vn -0.72334 0.00533 -0.69048
vn -0.73590 0.38726 -0.55541
vn -0.73590 0.38726 -0.55541
vn -0.73590 0.38726 -0.55541
vn -0.67534 0.73742 -0.01095
vn -0.67534 0.73742 -0.01095
vn -0.67534 0.73742 -0.01095
vn -0.65963 0.75134 -0.01943
vn -0.65963 0.75134 -0.01943
vn -0.65963 0.75134 -0.01943
vn -0.71517 0.06883 0.69555
vn -0.71517 0.06883 0.69555
vn -0.71517 0.06883 0.69555
vn -0.56884 0.44240 0.69333
vn -0.56884 0.44240 0.69333
vn -0.56884 0.44240 0.69333
vn 0.70134 0.14234 0.69847
vn 0.70134 0.14234 0.69847
vn 0.70134 0.14234 0.69847
vn 0.54740 0.45887 0.69985
vn 0.54740 0.45887 0.69985
vn 0.54740 0.45887 0.69985
vn 0.21539 0.68388 0.69707
vn 0.21539 0.68388 0.69707
vn 0.21539 0.68388 0.69707
vn -0.25727 0.66653 0.69968
vn -0.25727 0.66653 0.69968
vn -0.25727 0.66653 0.69968
vn 0.00211 0.36381 0.93147
vn 0.00211 0.36381 0.93147
vn 0.00211 0.36381 0.93147
vn 0.88150 0.46547 0.07934
vn 0.88150 0.46547 0.07934
vn 0.88150 0.46547 0.07934
vn 0.87302 0.47898 0.09180
vn 0.87302 0.47898 0.09180
vn 0.87302 0.47898 0.09180
vn 0.04290 -0.99895 0.01601
vn 0.04290 -0.99895 0.01601
vn 0.04290 -0.99895 0.01601
vn 0.13436 -0.99022 -0.03759
vn 0.13436 -0.99022 -0.03759
vn 0.13436 -0.99022 -0.03759
vn 0.57408 0.81823 -0.03055
vn 0.57408 0.81823 -0.03055
vn 0.57408 0.81823 -0.03055
vn 0.50903 -0.85907 0.05372
vn 0.50903 -0.85907 0.05372
vn 0.50903 -0.85907 0.05372
vn 0.30756 0.95133 0.01932
vn 0.30756 0.95133 0.01932
vn 0.30756 0.95133 0.01932
vn 0.29463 0.95511 0.03104
vn 0.29463 0.95511 0.03104
vn 0.29463 0.95511 0.03104
vn 0.63753 -0.76921 -0.04316
vn 0.63753 -0.76921 -0.04316
vn 0.63753 -0.76921 -0.04316
vn 0.90886 -0.41701 -0.00813
vn 0.90886 -0.41701 -0.00813
vn 0.90886 -0.41701 -0.00813
vn 0.95174 -0.29553 0.08275
vn 0.95174 -0.29553 0.08275
vn 0.95174 -0.29553 0.08275
vn 0.99749 -0.06939 -0.01393
vn 0.99749 -0.06939 -0.01393
vn 0.99749 -0.06939 -0.01393
vn 0.38535 -0.46470 0.79722
vn 0.38535 -0.46470 0.79722
vn 0.38535 -0.46470 0.79722
vn 0.67915 -0.58292 0.44606
vn 0.67915 -0.58292 0.44606
vn 0.67915 -0.58292 0.44606
vn -0.47349 -0.13319 0.87067
vn -0.47349 -0.13319 0.87067
vn -0.47349 -0.13319 0.87067
vn 0.51957 -0.24106 0.81972
vn 0.51957 -0.24106 0.81972
vn 0.51957 -0.24106 0.81972
vn -0.49383 -0.44757 0.74553
vn -0.49383 -0.44757 0.74553
vn -0.49383 -0.44757 0.74553
vn -0.77297 -0.51243 0.37406
vn -0.77297 -0.51243 0.37406
vn -0.77297 -0.51243 0.37406
vn 0.94050 -0.01899 0.33926
vn 0.94050 -0.01899 0.33926
vn 0.94050 -0.01899 0.33926
vn -0.29581 -0.67872 0.67219
vn -0.29581 -0.67872 0.67219
vn -0.29581 -0.67872 0.67219
vn -0.30072 -0.72538 0.61919
vn -0.30072 -0.72538 0.61919
vn -0.30072 -0.72538 0.61919
vn 0.08514 -0.61056 0.78738
vn 0.08514 -0.61056 0.78738
vn 0.08514 -0.61056 0.78738
vn 0.21001 -0.84355 0.49429
vn 0.21001 -0.84355 0.49429
vn 0.21001 -0.84355 0.49429
vn -0.00027 0.00018 -1.00000
vn -0.00027 0.00018 -1.00000
vn -0.00027 0.00018 -1.00000
vn 0.00001 0.00012 -1.00000
vn 0.00001 0.00012 -1.00000
vn 0.00001 0.00012 -1.00000
vn 0.00021 -0.00009 -1.00000
vn 0.00021 -0.00009 -1.00000
vn 0.00021 -0.00009 -1.00000
vn -0.00153 -0.00014 -1.00000
vn -0.00153 -0.00014 -1.00000
vn -0.00153 -0.00014 -1.00000
vn -0.04181 0.03601 -0.99848
vn -0.04181 0.03601 -0.99848
vn -0.04181 0.03601 -0.99848
vn -0.00568 0.02235 -0.99973
vn -0.00568 0.02235 -0.99973
vn -0.00568 0.02235 -0.99973
vn -0.00225 0.01950 -0.99981
vn -0.00225 0.01950 -0.99981
vn -0.00225 0.01950 -0.99981
vn 0.06645 -0.01493 -0.99768
vn 0.06645 -0.01493 -0.99768
vn 0.06645 -0.01493 -0.99768
vn -0.48309 0.56319 0.67041
vn -0.48309 0.56319 0.67041
vn -0.48309 0.56319 0.67041
vn -0.54324 0.71697 0.43686
vn -0.54324 0.71697 0.43686
vn -0.54324 0.71697 0.43686
vn -0.54661 0.22016 0.80793
vn -0.54661 0.22016 0.80793
vn -0.54661 0.22016 0.80793
vn -0.97700 0.19318 0.09032
vn -0.97700 0.19318 0.09032
vn -0.97700 0.19318 0.09032
vn 0.56028 0.68085 0.47174
vn 0.56028 0.68085 0.47174
vn 0.56028 0.68085 0.47174
vn 0.17332 0.55218 0.81551
vn 0.17332 0.55218 0.81551
vn 0.17332 0.55218 0.81551
vn 0.03994 0.94507 0.32441
vn 0.03994 0.94507 0.32441
vn 0.03994 0.94507 0.32441
vn -0.12519 0.52632 0.84102
vn -0.12519 0.52632 0.84102
vn -0.12519 0.52632 0.84102
vn -0.96161 -0.26940 0.05234
vn -0.96161 -0.26940 0.05234
vn -0.96161 -0.26940 0.05234
vn -0.73974 -0.67070 -0.05420
vn -0.73974 -0.67070 -0.05420
vn -0.73974 -0.67070 -0.05420
vn -0.30730 0.95052 0.04553
vn -0.30730 0.95052 0.04553
vn -0.30730 0.95052 0.04553
vn -0.22277 0.97478 -0.01337
vn -0.22277 0.97478 -0.01337
vn -0.22277 0.97478 -0.01337
vn -0.49040 -0.87005 0.05029
vn -0.49040 -0.87005 0.05029
vn -0.49040 -0.87005 0.05029
vn -0.39670 -0.91785 -0.01346
vn -0.39670 -0.91785 -0.01346
vn -0.39670 -0.91785 -0.01346
vn -0.65198 0.75603 -0.05777
vn -0.65198 0.75603 -0.05777
vn -0.65198 0.75603 -0.05777
vn -0.87453 0.47983 0.07046
vn -0.87453 0.47983 0.07046
vn -0.87453 0.47983 0.07046
vn -0.92777 0.37259 -0.02067
vn -0.92777 0.37259 -0.02067
vn -0.92777 0.37259 -0.02067
vn -0.95476 -0.29649 0.02299
vn -0.95476 -0.29649 0.02299
vn -0.95476 -0.29649 0.02299
vn 0.00000 0.00000 1.00000
vn 0.00000 0.00000 1.00000
vn 0.00000 0.00000 1.00000
vn -0.00001 -0.00003 1.00000
vn -0.00001 -0.00003 1.00000
vn -0.00001 -0.00003 1.00000
vn -0.00001 0.00000 1.00000
vn -0.00001 0.00000 1.00000
vn -0.00001 0.00000 1.00000
vn -0.00001 0.00000 1.00000
vn -0.00001 0.00000 1.00000
vn -0.00001 0.00000 1.00000
vn 0.00000 0.00002 1.00000
vn 0.00000 0.00002 1.00000
vn 0.00000 0.00002 1.00000
vn 0.00004 -0.00000 1.00000
vn 0.00004 -0.00000 1.00000
vn 0.00004 -0.00000 1.00000
vn 0.00000 0.00000 1.00000
vn 0.00000 0.00000 1.00000
vn 0.00000 0.00000 1.00000
vn 0.86912 0.47684 0.13140
vn 0.86912 0.47684 0.13140
vn 0.86912 0.47684 0.13140
vn 0.04290 -0.99895 0.01601
vn 0.04290 -0.99895 0.01601
vn 0.04290 -0.99895 0.01601
vn 0.13436 -0.99022 -0.03759
vn 0.13436 -0.99022 -0.03759
vn 0.13436 -0.99022 -0.03759
vn 0.68140 0.72966 -0.05735
vn 0.68140 0.72966 -0.05735
vn 0.68140 0.72966 -0.05735
vn 0.50904 -0.85907 0.05373
vn 0.50904 -0.85907 0.05373
vn 0.50904 -0.85907 0.05373
vn 0.30756 0.95133 0.01932
vn 0.30756 0.95133 0.01932
vn 0.30756 0.95133 0.01932
vn 0.29463 0.95511 0.03104
vn 0.29463 0.95511 0.03104
vn 0.29463 0.95511 0.03104
vn 0.63755 -0.76920 -0.04316
vn 0.63755 -0.76920 -0.04316
vn 0.63755 -0.76920 -0.04316
vn 0.90684 -0.42140 -0.00853
vn 0.90684 -0.42140 -0.00853
vn 0.90684 -0.42140 -0.00853
vn 0.95064 -0.29519 0.09558
vn 0.95064 -0.29519 0.09558
vn 0.95064 -0.29519 0.09558
vn 0.98947 0.13954 -0.03841
vn 0.98947 0.13954 -0.03841
vn 0.98947 0.13954 -0.03841
vn 0.36967 -0.44575 0.81526
vn 0.36967 -0.44575 0.81526
vn 0.36967 -0.44575 0.81526
vn -0.96270 -0.04586 0.26664
vn -0.96270 -0.04586 0.26664
vn -0.96270 -0.04586 0.26664
vn -0.53358 -0.15001 0.83234
vn -0.53358 -0.15001 0.83234
vn -0.53358 -0.15001 0.83234
vn 0.62280 -0.24345 0.74354
vn 0.62280 -0.24345 0.74354
vn 0.62280 -0.24345 0.74354
vn -0.68881 -0.58682 0.42566
vn -0.68881 -0.58682 0.42566
vn -0.68881 -0.58682 0.42566
vn -0.35952 -0.84012 0.40613
vn -0.35952 -0.84012 0.40613
vn -0.35952 -0.84012 0.40613
vn 0.07132 -0.50725 0.85884
vn 0.07132 -0.50725 0.85884
vn 0.07132 -0.50725 0.85884
vn 0.43617 -0.89819 -0.05484
vn 0.43617 -0.89819 -0.05484
vn 0.43617 -0.89819 -0.05484
vn -0.00031 0.00010 -1.00000
vn -0.00031 0.00010 -1.00000
vn -0.00031 0.00010 -1.00000
vn 0.00031 -0.00008 -1.00000
vn 0.00031 -0.00008 -1.00000
vn 0.00031 -0.00008 -1.00000
vn -0.20445 -0.29290 -0.93403
vn -0.20445 -0.29290 -0.93403
vn -0.20445 -0.29290 -0.93403
vn 0.09701 0.02118 -0.99506
vn 0.09701 0.02118 -0.99506
vn 0.09701 0.02118 -0.99506
vn 0.00068 0.00017 -1.00000
vn 0.00068 0.00017 -1.00000
vn 0.00068 0.00017 -1.00000
vn -0.00013 -0.00023 -1.00000
vn -0.00013 -0.00023 -1.00000
vn -0.00013 -0.00023 -1.00000
vn 0.00001 -0.00022 -1.00000
vn 0.00001 -0.00022 -1.00000
vn 0.00001 -0.00022 -1.00000
vn 0.26179 0.00877 -0.96508
vn 0.26179 0.00877 -0.96508
vn 0.26179 0.00877 -0.96508
vn -0.31626 0.77573 0.54610
vn -0.31626 0.77573 0.54610
vn -0.31626 0.77573 0.54610
vn -0.38026 0.44449 0.81107
vn -0.38026 0.44449 0.81107
vn -0.38026 0.44449 0.81107
vn -0.74606 0.51683 0.41986
vn -0.74606 0.51683 0.41986
vn -0.74606 0.51683 0.41986
vn -0.50378 0.20298 0.83964
vn -0.50378 0.20298 0.83964
vn -0.50378 0.20298 0.83964
vn 0.54974 0.50754 0.66346
vn 0.54974 0.50754 0.66346
vn 0.54974 0.50754 0.66346
vn 0.17251 0.54953 0.81747
vn 0.17251 0.54953 0.81747
vn 0.17251 0.54953 0.81747
vn 0.11486 0.89991 0.42068
vn 0.11486 0.89991 0.42068
vn 0.11486 0.89991 0.42068
vn -0.13767 0.58192 0.80151
vn -0.13767 0.58192 0.80151
vn -0.13767 0.58192 0.80151
vn -0.96160 -0.26942 0.05232
vn -0.96160 -0.26942 0.05232
vn -0.96160 -0.26942 0.05232
vn -0.78767 -0.61496 -0.03751
vn -0.78767 -0.61496 -0.03751
vn -0.78767 -0.61496 -0.03751
vn -0.30730 0.95052 0.04553
vn -0.30730 0.95052 0.04553
vn -0.30730 0.95052 0.04553
vn -0.22277 0.97478 -0.01337
vn -0.22277 0.97478 -0.01337
vn -0.22277 0.97478 -0.01337
vn -0.48967 -0.86876 0.07398
vn -0.48967 -0.86876 0.07398
vn -0.48967 -0.86876 0.07398
vn -0.36578 -0.93063 -0.01130
vn -0.36578 -0.93063 -0.01130
vn -0.36578 -0.93063 -0.01130
vn -0.65198 0.75603 -0.05777
vn -0.65198 0.75603 -0.05777
vn -0.65198 0.75603 -0.05777
vn -0.87454 0.47981 0.07047
vn -0.87454 0.47981 0.07047
vn -0.87454 0.47981 0.07047
vn -0.92777 0.37259 -0.02065
vn -0.92777 0.37259 -0.02065
vn -0.92777 0.37259 -0.02065
vn -0.95476 -0.29647 0.02301
vn -0.95476 -0.29647 0.02301
vn -0.95476 -0.29647 0.02301
vn -0.00004 -0.00000 1.00000
vn -0.00004 -0.00000 1.00000
vn -0.00004 -0.00000 1.00000
vn 0.00000 0.00000 1.00000
vn 0.00000 0.00000 1.00000
vn 0.00000 0.00000 1.00000
vn 0.00000 0.00000 1.00000
vn 0.00000 0.00000 1.00000
vn 0.00000 0.00000 1.00000
vn 0.00004 -0.00000 1.00000
vn 0.00004 -0.00000 1.00000
vn 0.00004 -0.00000 1.00000
vn 0.00000 0.00000 1.00000
vn 0.00000 0.00000 1.00000
vn 0.00000 0.00000 1.00000
vn 0.00000 0.00000 1.00000
vn 0.00000 0.00000 1.00000
vn 0.00000 0.00000 1.00000
vn 0.00000 0.00000 1.00000
vn 0.00000 0.00000 1.00000
vn 0.00000 0.00000 1.00000
f 1//1 2//2 3//3
f 4//4 5//5 6//6
f 7//7 8//8 9//9
f 10//10 11//11 12//12
f 13//13 14//14 15//15
f 16//16 17//17 18//18
f 19//19 20//20 21//21
f 22//22 23//23 24//24
f 25//25 26//26 27//27
f 28//28 29//29 30//30
f 31//31 32//32 33//33
f 34//34 35//35 36//36
f 37//37 38//38 39//39
f 40//40 41//41 42//42
f 43//43 44//44 45//45
f 46//46 47//47 48//48
f 49//49 50//50 51//51
f 52//52 53//53 54//54
f 55//55 56//56 57//57
f 58//58 59//59 60//60
f 61//61 62//62 63//63
f 64//64 65//65 66//66
f 67//67 68//68 69//69
f 70//70 71//71 72//72
f 73//73 74//74 75//75
f 76//76 77//77 78//78
f 79//79 80//80 81//81
f 82//82 83//83 84//84
f 85//85 86//86 87//87
f 88//88 89//89 90//90
f 91//91 92//92 93//93
f 94//94 95//95 96//96
f 97//97 98//98 99//99
f 100//100 101//101 102//102
f 103//103 104//104 105//105
f 106//106 107//107 108//108
f 109//109 110//110 111//111
f 112//112 113//113 114//114
f 115//115 116//116 117//117
f 118//118 119//119 120//120
f 121//121 122//122 123//123
f 124//124 125//125 126//126
f 127//127 128//128 129//129
f 130//130 131//131 132//132
f 133//133 134//134 135//135
f 136//136 137//137 138//138
f 139//139 140//140 141//141
f 142//142 143//143 144//144
f 145//145 146//146 147//147
f 148//148 149//149 150//150
f 151//151 152//152 153//153
f 154//154 155//155 156//156
f 157//157 158//158 159//159
f 160//160 161//161 162//162
f 163//163 164//164 165//165
f 166//166 167//167 168//168
f 169//169 170//170 171//171
f 172//172 173//173 174//174
f 175//175 176//176 177//177
f 178//178 179//179 180//180
f 181//181 182//182 183//183
f 184//184 185//185 186//186
f 187//187 188//188 189//189
f 190//190 191//191 192//192
f 193//193 194//194 195//195
f 196//196 197//197 198//198
f 199//199 200//200 201//201
f 202//202 203//203 204//204
f 205//205 206//206 207//207
f 208//208 209//209 210//210
f 211//211 212//212 213//213
f 214//214 215//215 216//216
f 217//217 218//218 219//219
f 220//220 221//221 222//222
f 223//223 224//224 225//225
f 226//226 227//227 228//228
f 229//229 230//230 231//231
f 232//232 233//233 234//234
f 235//235 236//236 237//237
f 238//238 239//239 240//240
f 241//241 242//242 243//243
f 244//244 245//245 246//246
f 247//247 248//248 249//249
f 250//250 251//251 252//252
f 253//253 254//254 255//255
f 256//256 257//257 258//258
f 259//259 260//260 261//261
f 262//262 263//263 264//264
f 265//265 266//266 267//267
f 268//268 269//269 270//270
f 271//271 272//272 273//273
f 274//274 275//275 276//276
f 277//277 278//278 279//279
f 280//280 281//281 282//282
f 283//283 284//284 285//285
f 286//286 287//287 288//288
f 289//289 290//290 291//291
f 292//292 293//293 294//294
f 295//295 296//296 297//297
f 298//298 299//299 300//300
f 301//301 302//302 303//303
f 304//304 305//305 306//306
f 307//307 308//308 309//309
f 310//310 311//311 312//312
f 313//313 314//314 315//315
f 316//316 317//317 318//318
f 319//319 320//320 321//321
f 322//322 323//323 324//324
f 325//325 326//326 327//327
f 328//328 329//329 330//330
f 331//331 332//332 333//333
f 334//334 335//335 336//336
f 337//337 338//338 339//339
f 340//340 341//341 342//342
f 343//343 344//344 345//345
f 346//346 347//347 348//348
f 349//349 350//350 351//351
f 352//352 353//353 354//354
f 355//355 356//356 357//357
f 358//358 359//359 360//360
f 361//361 362//362 363//363
f 364//364 365//365 366//366
f 367//367 368//368 369//369
f 370//370 371//371 372//372
f 373//373 374//374 375//375
f 376//376 377//377 378//378
f 379//379 380//380 381//381
f 382//382 383//383 384//384
f 385//385 386//386 387//387
f 388//388 389//389 390//390
f 391//391 392//392 393//393
f 394//394 395//395 396//396
f 397//397 398//398 399//399
f 400//400 401//401 402//402
f 403//403 404//404 405//405
f 406//406 407//407 408//408
f 409//409 410//410 411//411
f 412//412 413//413 414//414
f 415//415 416//416 417//417
f 418//418 419//419 420//420
f 421//421 422//422 423//423
f 424//424 425//425 426//426
f 427//427 428//428 429//429
f 430//430 431//431 432//432
f 433//433 434//434 435//435
f 436//436 437//437 438//438
f 439//439 440//440 441//441
f 442//442 443//443 444//444
f 445//445 446//446 447//447
f 448//448 449//449 450//450
f 451//451 452//452 453//453
f 454//454 455//455 456//456
f 457//457 458//458 459//459
f 460//460 461//461 462//462
f 463//463 464//464 465//465
f 466//466 467//467 468//468
f 469//469 470//470 471//471
f 472//472 473//473 474//474
f 475//475 476//476 477//477
f 478//478 479//479 480//480
f 481//481 482//482 483//483
f 484//484 485//485 486//486
f 487//487 488//488 489//489
f 490//490 491//491 492//492
f 493//493 494//494 495//495
f 496//496 497//497 498//498
f 499//499 500//500 501//501
f 502//502 503//503 504//504
f 505//505 506//506 507//507
f 508//508 509//509 510//510
f 511//511 512//512 513//513
f 514//514 515//515 516//516
f 517//517 518//518 519//519
f 520//520 521//521 522//522
f 523//523 524//524 525//525
f 526//526 527//527 528//528
f 529//529 530//530 531//531
f 532//532 533//533 534//534
f 535//535 536//536 537//537
f 538//538 539//539 540//540
f 541//541 542//542 543//543
f 544//544 545//545 546//546
f 547//547 548//548 549//549
f 550//550 551//551 552//552
f 553//553 554//554 555//555
f 556//556 557//557 558//558
f 559//559 560//560 561//561
f 562//562 563//563 564//564
f 565//565 566//566 567//567
f 568//568 569//569 570//570
f 571//571 572//572 573//573
f 574//574 575//575 576//576
f 577//577 578//578 579//579
f 580//580 581//581 582//582
f 583//583 584//584 585//585
f 586//586 587//587 588//588
f 589//589 590//590 591//591
f 592//592 593//593 594//594
f 595//595 596//596 597//597
f 598//598 599//599 600//600
f 601//601 602//602 603//603
f 604//604 605//605 606//606
f 607//607 608//608 609//609
f 610//610 611//611 612//612
f 613//613 614//614 615//615
f 616//616 617//617 618//618
f 619//619 620//620 621//621
f 622//622 623//623 624//624
f 625//625 626//626 627//627
f 628//628 629//629 630//630
f 631//631 632//632 633//633
f 634//634 635//635 636//636
f 637//637 638//638 639//639
f 640//640 641//641 642//642
f 643//643 644//644 645//645
f 646//646 647//647 648//648
f 649//649 650//650 651//651
f 652//652 653//653 654//654
f 655//655 656//656 657//657
f 658//658 659//659 660//660
f 661//661 662//662 663//663
f 664//664 665//665 666//666
f 667//667 668//668 669//669
f 670//670 671//671 672//672
f 673//673 674//674 675//675
f 676//676 677//677 678//678
f 679//679 680//680 681//681
f 682//682 683//683 684//684
f 685//685 686//686 687//687
f 688//688 689//689 690//690
f 691//691 692//692 693//693
f 694//694 695//695 696//696
f 697//697 698//698 699//699
f 700//700 701//701 702//702
f 703//703 704//704 705//705
f 706//706 707//707 708//708
f 709//709 710//710 711//711
f 712//712 713//713 714//714
f 715//715 716//716 717//717
f 718//718 719//719 720//720
f 721//721 722//722 723//723
f 724//724 725//725 726//726
f 727//727 728//728 729//729
f 730//730 731//731 732//732
f 733//733 734//734 735//735
f 736//736 737//737 738//738
f 739//739 740//740 741//741
f 742//742 743//743 744//744
f 745//745 746//746 747//747
f 748//748 749//749 750//750
f 751//751 752//752 753//753
f 754//754 755//755 756//756
f 757//757 758//758 759//759
f 760//760 761//761 762//762
f 763//763 764//764 765//765
f 766//766 767//767 768//768
f 769//769 770//770 771//771
f 772//772 773//773 774//774
f 775//775 776//776 777//777
f 778//778 779//779 780//780
f 781//781 782//782 783//783
f 784//784 785//785 786//786
f 787//787 788//788 789//789
f 790//790 791//791 792//792
f 793//793 794//794 795//795
f 796//796 797//797 798//798
f 799//799 800//800 801//801
f 802//802 803//803 804//804
f 805//805 806//806 807//807
f 808//808 809//809 810//810
f 811//811 812//812 813//813
f 814//814 815//815 816//816
f 817//817 818//818 819//819
f 820//820 821//821 822//822
f 823//823 824//824 825//825
f 826//826 827//827 828//828
f 829//829 830//830 831//831
f 832//832 833//833 834//834
f 835//835 836//836 837//837
f 838//838 839//839 840//840
f 841//841 842//842 843//843
f 844//844 845//845 846//846
f 847//847 848//848 849//849
f 850//850 851//851 852//852
f 853//853 854//854 855//855
f 856//856 857//857 858//858
f 859//859 860//860 861//861
f 862//862 863//863 864//864
f 865//865 866//866 867//867
f 868//868 869//869 870//870
f 871//871 872//872 873//873
f 874//874 875//875 876//876
f 877//877 878//878 879//879
f 880//880 881//881 882//882
f 883//883 884//884 885//885
f 886//886 887//887 888//888
f 889//889 890//890 891//891
f 892//892 893//893 894//894
f 895//895 896//896 897//897
f 898//898 899//899 900//900
f 901//901 902//902 903//903
f 904//904 905//905 906//906
f 907//907 908//908 909//909
f 910//910 911//911 912//912
f 913//913 914//914 915//915
f 916//916 917//917 918//918
f 919//919 920//920 921//921
f 922//922 923//923 924//924
f 925//925 926//926 927//927
f 928//928 929//929 930//930
f 931//931 932//932 933//933
f 934//934 935//935 936//936
f 937//937 938//938 939//939
f 940//940 941//941 942//942
f 943//943 944//944 945//945
f 946//946 947//947 948//948
f 949//949 950//950 951//951
f 952//952 953//953 954//954
f 955//955 956//956 957//957
f 958//958 959//959 960//960
f 961//961 962//962 963//963
f 964//964 965//965 966//966
f 967//967 968//968 969//969
f 970//970 971//971 972//972
f 973//973 974//974 975//975
f 976//976 977//977 978//978
f 979//979 980//980 981//981
f 982//982 983//983 984//984
f 985//985 986//986 987//987
f 988//988 989//989 990//990
f 991//991 992//992 993//993
f 994//994 995//995 996//996
f 997//997 998//998 999//999
f 1000//1000 1001//1001 1002//1002
f 1003//1003 1004//1004 1005//1005
f 1006//1006 1007//1007 1008//1008
f 1009//1009 1010//1010 1011//1011
f 1012//1012 1013//1013 1014//1014
f 1015//1015 1016//1016 1017//1017
f 1018//1018 1019//1019 1020//1020
f 1021//1021 1022//1022 1023//1023
f 1024//1024 1025//1025 1026//1026
f 1027//1027 1028//1028 1029//1029
f 1030//1030 1031//1031 1032//1032
f 1033//1033 1034//1034 1035//1035
f 1036//1036 1037//1037 1038//1038
f 1039//1039 1040//1040 1041//1041
f 1042//1042 1043//1043 1044//1044
f 1045//1045 1046//1046 1047//1047
f 1048//1048 1049//1049 1050//1050
f 1051//1051 1052//1052 1053//1053
f 1054//1054 1055//1055 1056//1056
f 1057//1057 1058//1058 1059//1059
f 1060//1060 1061//1061 1062//1062
f 1063//1063 1064//1064 1065//1065
f 1066//1066 1067//1067 1068//1068
f 1069//1069 1070//1070 1071//1071
f 1072//1072 1073//1073 1074//1074
f 1075//1075 1076//1076 1077//1077
f 1078//1078 1079//1079 1080//1080
f 1081//1081 1082//1082 1083//1083
f 1084//1084 1085//1085 1086//1086
f 1087//1087 1088//1088 1089//1089
f 1090//1090 1091//1091 1092//1092
f 1093//1093 1094//1094 1095//1095
f 1096//1096 1097//1097 1098//1098
f 1099//1099 1100//1100 1101//1101
f 1102//1102 1103//1103 1104//1104
f 1105//1105 1106//1106 1107//1107
f 1108//1108 1109//1109 1110//1110
f 1111//1111 1112//1112 1113//1113
f 1114//1114 1115//1115 1116//1116
f 1117//1117 1118//1118 1119//1119
f 1120//1120 1121//1121 1122//1122
f 1123//1123 1124//1124 1125//1125
f 1126//1126 1127//1127 1128//1128
f 1129//1129 1130//1130 1131//1131
f 1132//1132 1133//1133 1134//1134
f 1135//1135 1136//1136 1137//1137
f 1138//1138 1139//1139 1140//1140
f 1141//1141 1142//1142 1143//1143
f 1144//1144 1145//1145 1146//1146
f 1147//1147 1148//1148 1149//1149
f 1150//1150 1151//1151 1152//1152
f 1153//1153 1154//1154 1155//1155
f 1156//1156 1157//1157 1158//1158
f 1159//1159 1160//1160 1161//1161
f 1162//1162 1163//1163 1164//1164
f 1165//1165 1166//1166 1167//1167
f 1168//1168 1169//1169 1170//1170
f 1171//1171 1172//1172 1173//1173
f 1174//1174 1175//1175 1176//1176
f 1177//1177 1178//1178 1179//1179
f 1180//1180 1181//1181 1182//1182
f 1183//1183 1184//1184 1185//1185
f 1186//1186 1187//1187 1188//1188
f 1189//1189 1190//1190 1191//1191
f 1192//1192 1193//1193 1194//1194
f 1195//1195 1196//1196 1197//1197
f 1198//1198 1199//1199 1200//1200
f 1201//1201 1202//1202 1203//1203
f 1204//1204 1205//1205 1206//1206
f 1207//1207 1208//1208 1209//1209
f 1210//1210 1211//1211 1212//1212
f 1213//1213 1214//1214 1215//1215
f 1216//1216 1217//1217 1218//1218
f 1219//1219 1220//1220 1221//1221
f 1222//1222 1223//1223 1224//1224
f 1225//1225 1226//1226 1227//1227
f 1228//1228 1229//1229 1230//1230
f 1231//1231 1232//1232 1233//1233
f 1234//1234 1235//1235 1236//1236
f 1237//1237 1238//1238 1239//1239
f 1240//1240 1241//1241 1242//1242
f 1243//1243 1244//1244 1245//1245
f 1246//1246 1247//1247 1248//1248
f 1249//1249 1250//1250 1251//1251
f 1252//1252 1253//1253 1254//1254
f 1255//1255 1256//1256 1257//1257
f 1258//1258 1259//1259 1260//1260
f 1261//1261 1262//1262 1263//1263
f 1264//1264 1265//1265 1266//1266
f 1267//1267 1268//1268 1269//1269
f 1270//1270 1271//1271 1272//1272
f 1273//1273 1274//1274 1275//1275
f 1276//1276 1277//1277 1278//1278
f 1279//1279 1280//1280 1281//1281
f 1282//1282 1283//1283 1284//1284
f 1285//1285 1286//1286 1287//1287
f 1288//1288 1289//1289 1290//1290
f 1291//1291 1292//1292 1293//1293
f 1294//1294 1295//1295 1296//1296
f 1297//1297 1298//1298 1299//1299
f 1300//1300 1301//1301 1302//1302
f 1303//1303 1304//1304 1305//1305
f 1306//1306 1307//1307 1308//1308
f 1309//1309 1310//1310 1311//1311
f 1312//1312 1313//1313 1314//1314
f 1315//1315 1316//1316 1317//1317
f 1318//1318 1319//1319 1320//1320
f 1321//1321 1322//1322 1323//1323
f 1324//1324 1325//1325 1326//1326
f 1327//1327 1328//1328 1329//1329
f 1330//1330 1331//1331 1332//1332
f 1333//1333 1334//1334 1335//1335
f 1336//1336 1337//1337 1338//1338
f 1339//1339 1340//1340 1341//1341
f 1342//1342 1343//1343 1344//1344
f 1345//1345 1346//1346 1347//1347
f 1348//1348 1349//1349 1350//1350
f 1351//1351 1352//1352 1353//1353
f 1354//1354 1355//1355 1356//1356
f 1357//1357 1358//1358 1359//1359
f 1360//1360 1361//1361 1362//1362
f 1363//1363 1364//1364 1365//1365
f 1366//1366 1367//1367 1368//1368
f 1369//1369 1370//1370 1371//1371
f 1372//1372 1373//1373 1374//1374
f 1375//1375 1376//1376 1377//1377
f 1378//1378 1379//1379 1380//1380
f 1381//1381 1382//1382 1383//1383
f 1384//1384 1385//1385 1386//1386
f 1387//1387 1388//1388 1389//1389
f 1390//1390 1391//1391 1392//1392
f 1393//1393 1394//1394 1395//1395
f 1396//1396 1397//1397 1398//1398
f 1399//1399 1400//1400 1401//1401
f 1402//1402 1403//1403 1404//1404
f 1405//1405 1406//1406 1407//1407
f 1408//1408 1409//1409 1410//1410
f 1411//1411 1412//1412 1413//1413
f 1414//1414 1415//1415 1416//1416
f 1417//1417 1418//1418 1419//1419
f 1420//1420 1421//1421 1422//1422
f 1423//1423 1424//1424 1425//1425
f 1426//1426 1427//1427 1428//1428
f 1429//1429 1430//1430 1431//1431
f 1432//1432 1433//1433 1434//1434
f 1435//1435 1436//1436 1437//1437
f 1438//1438 1439//1439 1440//1440
f 1441//1441 1442//1442 1443//1443
f 1444//1444 1445//1445 1446//1446
f 1447//1447 1448//1448 1449//1449
f 1450//1450 1451//1451 1452//1452
f 1453//1453 1454//1454 1455//1455
f 1456//1456 1457//1457 1458//1458
f 1459//1459 1460//1460 1461//1461
f 1462//1462 1463//1463 1464//1464
f 1465//1465 1466//1466 1467//1467
f 1468//1468 1469//1469 1470//1470
f 1471//1471 1472//1472 1473//1473
f 1474//1474 1475//1475 1476//1476
f 1477//1477 1478//1478 1479//1479
f 1480//1480 1481//1481 1482//1482
f 1483//1483 1484//1484 1485//1485
f 1486//1486 1487//1487 1488//1488
f 1489//1489 1490//1490 1491//1491
f 1492//1492 1493//1493 1494//1494
f 1495//1495 1496//1496 1497//1497
f 1498//1498 1499//1499 1500//1500
f 1501//1501 1502//1502 1503//1503
f 1504//1504 1505//1505 1506//1506
f 1507//1507 1508//1508 1509//1509
f 1510//1510 1511//1511 1512//1512
f 1513//1513 1514//1514 1515//1515
f 1516//1516 1517//1517 1518//1518
f 1519//1519 1520//1520 1521//1521
f 1522//1522 1523//1523 1524//1524
f 1525//1525 1526//1526 1527//1527
f 1528//1528 1529//1529 1530//1530
f 1531//1531 1532//1532 1533//1533
f 1534//1534 1535//1535 1536//1536
f 1537//1537 1538//1538 1539//1539
f 1540//1540 1541//1541 1542//1542
f 1543//1543 1544//1544 1545//1545
f 1546//1546 1547//1547 1548//1548
f 1549//1549 1550//1550 1551//1551
f 1552//1552 1553//1553 1554//1554
f 1555//1555 1556//1556 1557//1557
f 1558//1558 1559//1559 1560//1560
f 1561//1561 1562//1562 1563//1563
f 1564//1564 1565//1565 1566//1566
f 1567//1567 1568//1568 1569//1569
f 1570//1570 1571//1571 1572//1572
f 1573//1573 1574//1574 1575//1575
f 1576//1576 1577//1577 1578//1578
f 1579//1579 1580//1580 1581//1581
f 1582//1582 1583//1583 1584//1584
f 1585//1585 1586//1586 1587//1587
f 1588//1588 1589//1589 1590//1590
f 1591//1591 1592//1592 1593//1593
f 1594//1594 1595//1595 1596//1596
f 1597//1597 1598//1598 1599//1599
f 1600//1600 1601//1601 1602//1602
f 1603//1603 1604//1604 1605//1605
f 1606//1606 1607//1607 1608//1608
f 1609//1609 1610//1610 1611//1611
f 1612//1612 1613//1613 1614//1614
f 1615//1615 1616//1616 1617//1617
f 1618//1618 1619//1619 1620//1620
f 1621//1621 1622//1622 1623//1623
f 1624//1624 1625//1625 1626//1626
f 1627//1627 1628//1628 1629//1629
f 1630//1630 1631//1631 1632//1632
f 1633//1633 1634//1634 1635//1635
f 1636//1636 1637//1637 1638//1638
f 1639//1639 1640//1640 1641//1641
f 1642//1642 1643//1643 1644//1644
f 1645//1645 1646//1646 1647//1647
f 1648//1648 1649//1649 1650//1650
f 1651//1651 1652//1652 1653//1653
f 1654//1654 1655//1655 1656//1656
f 1657//1657 1658//1658 1659//1659
f 1660//1660 1661//1661 1662//1662
f 1663//1663 1664//1664 1665//1665
f 1666//1666 1667//1667 1668//1668
f 1669//1669 1670//1670 1671//1671
f 1672//1672 1673//1673 1674//1674
f 1675//1675 1676//1676 1677//1677
f 1678//1678 1679//1679 1680//1680
f 1681//1681 1682//1682 1683//1683
f 1684//1684 1685//1685 1686//1686
f 1687//1687 1688//1688 1689//1689
f 1690//1690 1691//1691 1692//1692
f 1693//1693 1694//1694 1695//1695
f 1696//1696 1697//1697 1698//1698
f 1699//1699 1700//1700 1701//1701
f 1702//1702 1703//1703 1704//1704
f 1705//1705 1706//1706 1707//1707
f 1708//1708 1709//1709 1710//1710
f 1711//1711 1712//1712 1713//1713
f 1714//1714 1715//1715 1716//1716
f 1717//1717 1718//1718 1719//1719
f 1720//1720 1721//1721 1722//1722
f 1723//1723 1724//1724 1725//1725
f 1726//1726 1727//1727 1728//1728
f 1729//1729 1730//1730 1731//1731
f 1732//1732 1733//1733 1734//1734
f 1735//1735 1736//1736 1737//1737
f 1738//1738 1739//1739 1740//1740
f 1741//1741 1742//1742 1743//1743
f 1744//1744 1745//1745 1746//1746
f 1747//1747 1748//1748 1749//1749
f 1750//1750 1751//1751 1752//1752
f 1753//1753 1754//1754 1755//1755
f 1756//1756 1757//1757 1758//1758
f 1759//1759 1760//1760 1761//1761
f 1762//1762 1763//1763 1764//1764
f 1765//1765 1766//1766 1767//1767
f 1768//1768 1769//1769 1770//1770
f 1771//1771 1772//1772 1773//1773
f 1774//1774 1775//1775 1776//1776
f 1777//1777 1778//1778 1779//1779
f 1780//1780 1781//1781 1782//1782
f 1783//1783 1784//1784 1785//1785
f 1786//1786 1787//1787 1788//1788
f 1789//1789 1790//1790 1791//1791
f 1792//1792 1793//1793 1794//1794
f 1795//1795 1796//1796 1797//1797
f 1798//1798 1799//1799 1800//1800
f 1801//1801 1802//1802 1803//1803
f 1804//1804 1805//1805 1806//1806
f 1807//1807 1808//1808 1809//1809
f 1810//1810 1811//1811 1812//1812
f 1813//1813 1814//1814 1815//1815
f 1816//1816 1817//1817 1818//1818
f 1819//1819 1820//1820 1821//1821
f 1822//1822 1823//1823 1824//1824
f 1825//1825 1826//1826 1827//1827
f 1828//1828 1829//1829 1830//1830
f 1831//1831 1832//1832 1833//1833
f 1834//1834 1835//1835 1836//1836
f 1837//1837 1838//1838 1839//1839
f 1840//1840 1841//1841 1842//1842
f 1843//1843 1844//1844 1845//1845
f 1846//1846 1847//1847 1848//1848
f 1849//1849 1850//1850 1851//1851
f 1852//1852 1853//1853 1854//1854
f 1855//1855 1856//1856 1857//1857
f 1858//1858 1859//1859 1860//1860
f 1861//1861 1862//1862 1863//1863
f 1864//1864 1865//1865 1866//1866
f 1867//1867 1868//1868 1869//1869
f 1870//1870 1871//1871 1872//1872
